,names,type,urls
0,MAINE-LY A STITCH IN TIME,MARK,https://icrs.informe.org/nei-sos-icrs/ICRS?MarkSumm=19930285+M
1,MAINE-LY ACCOUNTING INCORPORATED,LEGAL,https://icrs.informe.org/nei-sos-icrs/ICRS?CorpSumm=19840005+D
2,"MAINE-LY ACTION RENTALS, INC.",LEGAL,https://icrs.informe.org/nei-sos-icrs/ICRS?CorpSumm=20121068+D
3,MAINE-LY AIRBORNE LLC,LEGAL,https://icrs.informe.org/nei-sos-icrs/ICRS?CorpSumm=20121980DC
4,MAINE-LY AMISH,ASSUMED,https://icrs.informe.org/nei-sos-icrs/ICRS?CorpSumm=19992093+D
5,MAINE-LY APPLES,LEGAL,https://icrs.informe.org/nei-sos-icrs/ICRS?CorpSumm=20090861+D
6,"MAINE-LY AQUARIUMS, LLC",LEGAL,https://icrs.informe.org/nei-sos-icrs/ICRS?CorpSumm=20163555DC
7,MAINE-LY ASIAN IMPORTS INC.,LEGAL,https://icrs.informe.org/nei-sos-icrs/ICRS?CorpSumm=19902305+D
8,MAINELY A MEMORY,ASSUMED,https://icrs.informe.org/nei-sos-icrs/ICRS?CorpSumm=20082548DC
9,"MAINELY ABODES, L.L.C.",LEGAL,https://icrs.informe.org/nei-sos-icrs/ICRS?CorpSumm=20032358DC
10,"MAINELY ACCESS, INC.",LEGAL,https://icrs.informe.org/nei-sos-icrs/ICRS?CorpSumm=20042486+D
11,"MAINELY ACCOUNTABLE, LLC",LEGAL,https://icrs.informe.org/nei-sos-icrs/ICRS?CorpSumm=20194302DC
12,"MAINELY ACQUISITIONS, LLC.",LEGAL,https://icrs.informe.org/nei-sos-icrs/ICRS?CorpSumm=20165652DC
13,"MAINELY ACUPUNCTURE, L.L.C.",LEGAL,https://icrs.informe.org/nei-sos-icrs/ICRS?CorpSumm=20180969DC
14,MAINELY ADVENTURES GUIDE SERVICE,MARK,https://icrs.informe.org/nei-sos-icrs/ICRS?MarkSumm=20080031+M
15,"MAINELY ADVENTURES LODGE, LLC",LEGAL,https://icrs.informe.org/nei-sos-icrs/ICRS?CorpSumm=20110148DC
16,MAINELY AERIALS PHOTOGRAPHY LLC,LEGAL,https://icrs.informe.org/nei-sos-icrs/ICRS?CorpSumm=20165006DC
17,"MAINELY AGILITY, LLC",LEGAL,https://icrs.informe.org/nei-sos-icrs/ICRS?CorpSumm=20141369DC
18,MAINELY ALPACA LLC,LEGAL,https://icrs.informe.org/nei-sos-icrs/ICRS?CorpSumm=20141747DC
19,MAINELY ANGELS,MARK,https://icrs.informe.org/nei-sos-icrs/ICRS?MarkSumm=20030114+M
20,MAINELY ANTIQUES,LEGAL,https://icrs.informe.org/nei-sos-icrs/ICRS?CorpSumm=19840075+D
21,MAINELY ANTIQUES,MARK,https://icrs.informe.org/nei-sos-icrs/ICRS?MarkSumm=19950286+M
22,"MAINELY APARTMENTS, LLC",LEGAL,https://icrs.informe.org/nei-sos-icrs/ICRS?CorpSumm=20185512DC
23,MAINELY APPLIANCE LLC,LEGAL,https://icrs.informe.org/nei-sos-icrs/ICRS?CorpSumm=20193343DC
24,"MAINELY APPRAISALS & CONSULTING, INC.",LEGAL,https://icrs.informe.org/nei-sos-icrs/ICRS?CorpSumm=20100538+D
25,MAINELY AQUATICS,LEGAL,https://icrs.informe.org/nei-sos-icrs/ICRS?CorpSumm=19962713+D
26,MAINELY ASIA CONSULTING,LEGAL,https://icrs.informe.org/nei-sos-icrs/ICRS?CorpSumm=20150618+D
27,MAINELY ATMS,ASSUMED,https://icrs.informe.org/nei-sos-icrs/ICRS?CorpSumm=19780768+D
28,MAINELY AUDIO LLC,LEGAL,https://icrs.informe.org/nei-sos-icrs/ICRS?CorpSumm=20042594DC
29,MAINELY AUTO,ASSUMED,https://icrs.informe.org/nei-sos-icrs/ICRS?CorpSumm=19851652+D
30,"MAINELY AUTOS, LLC",LEGAL,https://icrs.informe.org/nei-sos-icrs/ICRS?CorpSumm=20141923DC
31,"MAINELY AVIATION, INC.",LEGAL,https://icrs.informe.org/nei-sos-icrs/ICRS?CorpSumm=20090344+D
32,MAINELY AWNINGS - CANCELLED,ASSUMED,https://icrs.informe.org/nei-sos-icrs/ICRS?CorpSumm=20052904DC
33,MAINELY AWNINGS,ASSUMED,https://icrs.informe.org/nei-sos-icrs/ICRS?CorpSumm=19971029+D
34,"MAINE LY BEEF MANAGEMENT, INC.",LEGAL,https://icrs.informe.org/nei-sos-icrs/ICRS?CorpSumm=19911919+D
35,MAINE-LY BABYSITTERS!,MARK,https://icrs.informe.org/nei-sos-icrs/ICRS?MarkSumm=19870272+M
36,"MAINE-LY BATTERIES, INC.",LEGAL,https://icrs.informe.org/nei-sos-icrs/ICRS?CorpSumm=19980455+D
37,"MAINE-LY BATTERIES, INC.",LEGAL,https://icrs.informe.org/nei-sos-icrs/ICRS?CorpSumm=20110668+D
38,"MAINE-LY BREAD & SNACK, LLC",LEGAL,https://icrs.informe.org/nei-sos-icrs/ICRS?CorpSumm=20186374DC
39,"MAINELY BABIES, LLC",LEGAL,https://icrs.informe.org/nei-sos-icrs/ICRS?CorpSumm=20143715DC
40,MAINELY BABY BOTTOMS,LEGAL,https://icrs.informe.org/nei-sos-icrs/ICRS?CorpSumm=19930167+D
41,MAINELY BABY BOUTIQUE L.L.C.,LEGAL,https://icrs.informe.org/nei-sos-icrs/ICRS?CorpSumm=20164606DC
42,"MAINELY BAGELS, L.L.C.",LEGAL,https://icrs.informe.org/nei-sos-icrs/ICRS?CorpSumm=19970270DC
43,"MAINELY BAGS, INC.",LEGAL,https://icrs.informe.org/nei-sos-icrs/ICRS?CorpSumm=19882211+D
44,"MAINELY BAKED, LLC",LEGAL,https://icrs.informe.org/nei-sos-icrs/ICRS?CorpSumm=20180959DC
45,"MAINELY BANGOR STREET, LLC",LEGAL,https://icrs.informe.org/nei-sos-icrs/ICRS?CorpSumm=20062555DC
46,MAINELY BARGAINS LLC,LEGAL,https://icrs.informe.org/nei-sos-icrs/ICRS?CorpSumm=20153796DC
47,MAINELY BARK COMPANY,ASSUMED,https://icrs.informe.org/nei-sos-icrs/ICRS?CorpSumm=19961078+D
48,"MAINELY BARTENDERS, LLC",LEGAL,https://icrs.informe.org/nei-sos-icrs/ICRS?CorpSumm=20083424DC
49,"MAINELY BBQ & CO., LLC",LEGAL,https://icrs.informe.org/nei-sos-icrs/ICRS?CorpSumm=20101773DC
50,"MAINELY BEANS, LLC",LEGAL,https://icrs.informe.org/nei-sos-icrs/ICRS?CorpSumm=20073656DC
51,MAINELY BEANS,LEGAL,https://icrs.informe.org/nei-sos-icrs/ICRS?CorpSumm=19930829+D
52,MAINELY BEES LLC,LEGAL,https://icrs.informe.org/nei-sos-icrs/ICRS?CorpSumm=20187345DC
53,"MAINELY BENEFICIALS, LLC",LEGAL,https://icrs.informe.org/nei-sos-icrs/ICRS?CorpSumm=20160292DC
54,MAINELY BENEFITS LLC,LEGAL,https://icrs.informe.org/nei-sos-icrs/ICRS?CorpSumm=20171723DC
55,MAINELY BERRIES OF SOUTH BERWICK MAINE 03908,MARK,https://icrs.informe.org/nei-sos-icrs/ICRS?MarkSumm=19950301+M
56,MAINELY BIBS,LEGAL,https://icrs.informe.org/nei-sos-icrs/ICRS?CorpSumm=19932363+D
57,MAINELY BINGO,LEGAL,https://icrs.informe.org/nei-sos-icrs/ICRS?CorpSumm=19991560+D
58,MAINELY BINGO,MARK,https://icrs.informe.org/nei-sos-icrs/ICRS?MarkSumm=19980373+M
59,MAINELY BIRCHES,MARK,https://icrs.informe.org/nei-sos-icrs/ICRS?MarkSumm=20000124+M
60,MAINELY BLESSINGS LLC,LEGAL,https://icrs.informe.org/nei-sos-icrs/ICRS?CorpSumm=20174231DC
61,"MAINELY BLOOMS,LLC",LEGAL,https://icrs.informe.org/nei-sos-icrs/ICRS?CorpSumm=20195785DC
62,"MAINELY BOATS, INC.",LEGAL,https://icrs.informe.org/nei-sos-icrs/ICRS?CorpSumm=20170561+D
63,"MAINELY BOOKKEEPING, LLC",LEGAL,https://icrs.informe.org/nei-sos-icrs/ICRS?CorpSumm=20191737DC
64,MAINELY BOOKS,LEGAL,https://icrs.informe.org/nei-sos-icrs/ICRS?CorpSumm=20100984+D
65,MAINELY BOOZE,ASSUMED,https://icrs.informe.org/nei-sos-icrs/ICRS?CorpSumm=20122872DC
66,MAINELY BRASS,LEGAL,https://icrs.informe.org/nei-sos-icrs/ICRS?CorpSumm=19890510+D
67,"MAINELY BREAD, INC.",LEGAL,https://icrs.informe.org/nei-sos-icrs/ICRS?CorpSumm=20140274+D
68,MAINELY BREADS INC.,LEGAL,https://icrs.informe.org/nei-sos-icrs/ICRS?CorpSumm=20140342+D
69,MAINELY BREWS RESTAURANT & BREWHOUSE,ASSUMED,https://icrs.informe.org/nei-sos-icrs/ICRS?CorpSumm=20081457+D
70,"MAINELY BROTHERS PROPERTIES, LLC",LEGAL,https://icrs.informe.org/nei-sos-icrs/ICRS?CorpSumm=20175383DC
71,MAINELY BUBBAS LIMITED LIABILITY COMPANY,LEGAL,https://icrs.informe.org/nei-sos-icrs/ICRS?CorpSumm=19960059DC
72,MAINELY BUBBLES LAUNDROMAT,LEGAL,https://icrs.informe.org/nei-sos-icrs/ICRS?CorpSumm=20070318+D
73,MAINELY BUILDERS LLC,LEGAL,https://icrs.informe.org/nei-sos-icrs/ICRS?CorpSumm=20050591DC
74,MAINELY BUOYS LLC,LEGAL,https://icrs.informe.org/nei-sos-icrs/ICRS?CorpSumm=20155293DC
75,MAINELY BUZZED,MARK,https://icrs.informe.org/nei-sos-icrs/ICRS?MarkSumm=20200043+M
76,"BOONDOCKS, MAINE-LY COMFORT FOODS, LLC",LEGAL,https://icrs.informe.org/nei-sos-icrs/ICRS?CorpSumm=20176660DC
77,MAINE-LY CLASSICS,ASSUMED,https://icrs.informe.org/nei-sos-icrs/ICRS?CorpSumm=19921314+D
78,"MAINE-LY CLOCKS, INC.",LEGAL,https://icrs.informe.org/nei-sos-icrs/ICRS?CorpSumm=19962816+D
79,"MAINE-LY CONCRETE PUMPING, INC.",LEGAL,https://icrs.informe.org/nei-sos-icrs/ICRS?CorpSumm=20021594+D
80,"MAINE-LY CONCRETE, CORP.",LEGAL,https://icrs.informe.org/nei-sos-icrs/ICRS?CorpSumm=19992462+D
81,"MAINE-LY COUNTRY WESTERN WEAR, INC.",LEGAL,https://icrs.informe.org/nei-sos-icrs/ICRS?CorpSumm=19741136+D
82,"MAINELY CABLE, INC.",LEGAL,https://icrs.informe.org/nei-sos-icrs/ICRS?CorpSumm=19890390ND
83,"MAINELY CALIFORNIA, LLC",LEGAL,https://icrs.informe.org/nei-sos-icrs/ICRS?CorpSumm=19970330DC
84,MAINELY CANDY LLC,LEGAL,https://icrs.informe.org/nei-sos-icrs/ICRS?CorpSumm=20141253DC
85,MAINELY CANNABIS LLC,LEGAL,https://icrs.informe.org/nei-sos-icrs/ICRS?CorpSumm=20152996DC
86,MAINELY CANVAS,ASSUMED,https://icrs.informe.org/nei-sos-icrs/ICRS?CorpSumm=19961972+D
87,"MAINELY CARPENTRY, INC.",LEGAL,https://icrs.informe.org/nei-sos-icrs/ICRS?CorpSumm=19862581+D
88,MAINELY CATS LLC,LEGAL,https://icrs.informe.org/nei-sos-icrs/ICRS?CorpSumm=20196825DC
89,MAINELY CBD L.L.C.,LEGAL,https://icrs.informe.org/nei-sos-icrs/ICRS?CorpSumm=20197501DC
90,"MAINELY CENTRAL VACS, INC.",LEGAL,https://icrs.informe.org/nei-sos-icrs/ICRS?CorpSumm=19962503+D
91,MAINELY CHARACTER,LEGAL,https://icrs.informe.org/nei-sos-icrs/ICRS?CorpSumm=20010045ND
92,"MAINELY CHILDCARE, LLC",LEGAL,https://icrs.informe.org/nei-sos-icrs/ICRS?CorpSumm=20171304DC
93,MAINELY CHIPS LLC,LEGAL,https://icrs.informe.org/nei-sos-icrs/ICRS?CorpSumm=20163527DC
94,"MAINELY CHIROPRACTIC, LLC P.A.",LEGAL,https://icrs.informe.org/nei-sos-icrs/ICRS?CorpSumm=20123395DC
95,MAINELY CHOCOLATES LLP,LEGAL,https://icrs.informe.org/nei-sos-icrs/ICRS?CorpSumm=20010004DP
96,MAINELY CHRISTMAS,ASSUMED,https://icrs.informe.org/nei-sos-icrs/ICRS?CorpSumm=20010393+D
97,"MAINELY CLEANING COMPANY, INC.",ASSUMED,https://icrs.informe.org/nei-sos-icrs/ICRS?CorpSumm=19940112+D
98,MAINELY COATINGS LLC,LEGAL,https://icrs.informe.org/nei-sos-icrs/ICRS?CorpSumm=20161520DC
99,"MAINELY COFFEE, LLC",LEGAL,https://icrs.informe.org/nei-sos-icrs/ICRS?CorpSumm=20183586DC
100,MAINELY COMFORT LLC,LEGAL,https://icrs.informe.org/nei-sos-icrs/ICRS?CorpSumm=20164468DC
101,MAINELY COMPANY LLC,LEGAL,https://icrs.informe.org/nei-sos-icrs/ICRS?CorpSumm=20174274DC
102,"MAINELY COMPUTERS, INC.",LEGAL,https://icrs.informe.org/nei-sos-icrs/ICRS?CorpSumm=19921523+D
103,"MAINELY COMPUTERS, L.L.C.",LEGAL,https://icrs.informe.org/nei-sos-icrs/ICRS?CorpSumm=20121412DC
104,"MAINELY CONSTRUCTION RENTALS, LLC",LEGAL,https://icrs.informe.org/nei-sos-icrs/ICRS?CorpSumm=20133132DC
105,"MAINELY CONSTRUCTION, LLC",LEGAL,https://icrs.informe.org/nei-sos-icrs/ICRS?CorpSumm=20042608DC
106,"MAINELY CONTRACTING, LLC",LEGAL,https://icrs.informe.org/nei-sos-icrs/ICRS?CorpSumm=20154543DC
107,MAINELY CONTROLS,LEGAL,https://icrs.informe.org/nei-sos-icrs/ICRS?CorpSumm=20060320+D
108,"MAINELY COOKOUTS, INC.",LEGAL,https://icrs.informe.org/nei-sos-icrs/ICRS?CorpSumm=20110095+D
109,MAINELY COOPER LLC,LEGAL,https://icrs.informe.org/nei-sos-icrs/ICRS?CorpSumm=20121543DC
110,"MAINELY COPIERS, INC.",LEGAL,https://icrs.informe.org/nei-sos-icrs/ICRS?CorpSumm=19902546+D
111,"MAINELY CORK HANDBAGS, LLC",LEGAL,https://icrs.informe.org/nei-sos-icrs/ICRS?CorpSumm=20194872DC
112,MAINELY COTTAGE LLC,LEGAL,https://icrs.informe.org/nei-sos-icrs/ICRS?CorpSumm=20186824DC
113,"MAINELY CRAFTS, LLC",LEGAL,https://icrs.informe.org/nei-sos-icrs/ICRS?CorpSumm=20032391DC
114,MAINELY CREAM LLC,LEGAL,https://icrs.informe.org/nei-sos-icrs/ICRS?CorpSumm=20185817DC
115,"MAINELY CREATIONS, INC.",LEGAL,https://icrs.informe.org/nei-sos-icrs/ICRS?CorpSumm=20040080+D
116,MAINELY CREATIONS,LEGAL,https://icrs.informe.org/nei-sos-icrs/ICRS?CorpSumm=19960575+D
117,MAINELY CUBS,LEGAL,https://icrs.informe.org/nei-sos-icrs/ICRS?CorpSumm=20080443+D
118,MAINELY CUSTARD 2,ASSUMED,https://icrs.informe.org/nei-sos-icrs/ICRS?CorpSumm=20170978+D
119,"MAINELY CUSTARD, LLC",FORMER,https://icrs.informe.org/nei-sos-icrs/ICRS?CorpSumm=20042023DC
120,MAINELY CUSTARD,ASSUMED,https://icrs.informe.org/nei-sos-icrs/ICRS?CorpSumm=20160036+D
121,"MAINELY CUSTOM BUILDERS, INC.",LEGAL,https://icrs.informe.org/nei-sos-icrs/ICRS?CorpSumm=19952554+D
122,"MAINELY CUSTOM BY DESIGN, INC.",LEGAL,https://icrs.informe.org/nei-sos-icrs/ICRS?CorpSumm=20011136+D
123,"MAINELY CUSTOM CARVING, LLC",LEGAL,https://icrs.informe.org/nei-sos-icrs/ICRS?CorpSumm=20010603DC
124,"MAINELY CUSTOM, LLC",LEGAL,https://icrs.informe.org/nei-sos-icrs/ICRS?CorpSumm=20053119DC
125,MAINELYCERTS,ASSUMED,https://icrs.informe.org/nei-sos-icrs/ICRS?CorpSumm=20140539DC
126,MAINE-LY DELIVERED MEALS,MARK,https://icrs.informe.org/nei-sos-icrs/ICRS?MarkSumm=20170002+M
127,MAINE-LY DISKS,LEGAL,https://icrs.informe.org/nei-sos-icrs/ICRS?CorpSumm=19930144+D
128,"MAINE-LY DOCKS, LLC",LEGAL,https://icrs.informe.org/nei-sos-icrs/ICRS?CorpSumm=20201836DC
129,MAINE-LY DRAGONFLIES & BUTTERFLIES,MARK,https://icrs.informe.org/nei-sos-icrs/ICRS?MarkSumm=20080211+M
130,MAINE-LY DRIZZLE LLC,LEGAL,https://icrs.informe.org/nei-sos-icrs/ICRS?CorpSumm=20141435DC
131,MAINELY DEALS,RESERVED,https://icrs.informe.org/nei-sos-icrs/ICRS?CorpSumm=20190054RD
132,MAINELY DEL BOCA VISTA LLC,LEGAL,https://icrs.informe.org/nei-sos-icrs/ICRS?CorpSumm=20203792DC
133,MAINELY DENIM,ASSUMED,https://icrs.informe.org/nei-sos-icrs/ICRS?CorpSumm=20194482DC
134,MAINELY DESIGNS,MARK,https://icrs.informe.org/nei-sos-icrs/ICRS?MarkSumm=19890237+M
135,"MAINELY DESSERTS, LLC",LEGAL,https://icrs.informe.org/nei-sos-icrs/ICRS?CorpSumm=20050921DC
136,MAINELY DETAILING,MARK,https://icrs.informe.org/nei-sos-icrs/ICRS?MarkSumm=20080235+M
137,MAINELY DETAILS LLC,LEGAL,https://icrs.informe.org/nei-sos-icrs/ICRS?CorpSumm=20153172DC
138,"MAINELY DEVELOPMENT, LLC",LEGAL,https://icrs.informe.org/nei-sos-icrs/ICRS?CorpSumm=20063200DC
139,MAINELY DIGGING LLC,LEGAL,https://icrs.informe.org/nei-sos-icrs/ICRS?CorpSumm=20190551DC
140,MAINELY DIGITAL PHOTOGRAPHY LLC,LEGAL,https://icrs.informe.org/nei-sos-icrs/ICRS?CorpSumm=20123462DC
141,"MAINELY DIGITIZING, INC.",ASSUMED,https://icrs.informe.org/nei-sos-icrs/ICRS?CorpSumm=20020655+D
142,"MAINELY DOG RESCUE, INC.",LEGAL,https://icrs.informe.org/nei-sos-icrs/ICRS?CorpSumm=20120489ND
143,MAINELY DRAFTING LLC,LEGAL,https://icrs.informe.org/nei-sos-icrs/ICRS?CorpSumm=20082183DC
144,MAINELY DREDGE LLC,LEGAL,https://icrs.informe.org/nei-sos-icrs/ICRS?CorpSumm=20073187DC
145,"MAINELY DRIVERS, INC.",LEGAL,https://icrs.informe.org/nei-sos-icrs/ICRS?CorpSumm=19990125+D
146,MAINELY DRIVING ACADEMY LLC,LEGAL,https://icrs.informe.org/nei-sos-icrs/ICRS?CorpSumm=20113304DC
147,MAINELY DRONING & PHOTOGRAPHY LLC,LEGAL,https://icrs.informe.org/nei-sos-icrs/ICRS?CorpSumm=20172993DC
148,"MAINELY-DOGS.COM, INC.",LEGAL,https://icrs.informe.org/nei-sos-icrs/ICRS?CorpSumm=20001906+D
149,"MAINE-LY EDUCATION, INC.",LEGAL,https://icrs.informe.org/nei-sos-icrs/ICRS?CorpSumm=19862701+D
150,MAINE-LY ELDER CARE,LEGAL,https://icrs.informe.org/nei-sos-icrs/ICRS?CorpSumm=20081104+D
151,MAINE-LY ELDER CARE,MARK,https://icrs.informe.org/nei-sos-icrs/ICRS?MarkSumm=19990409+M
152,MAINE-LY ENGLISH INC,LEGAL,https://icrs.informe.org/nei-sos-icrs/ICRS?CorpSumm=20190653+D
153,MAINE-LY EYES,ASSUMED,https://icrs.informe.org/nei-sos-icrs/ICRS?CorpSumm=20032012+D
154,"MAINELY E-BIKES, LLC",LEGAL,https://icrs.informe.org/nei-sos-icrs/ICRS?CorpSumm=20150715DC
155,"MAINELY EARTH IMAGES, LLC",LEGAL,https://icrs.informe.org/nei-sos-icrs/ICRS?CorpSumm=20052587DC
156,MAINELY EDI,FORMER,https://icrs.informe.org/nei-sos-icrs/ICRS?CorpSumm=19962173+D
157,MAINELY EDUCATION INC.,LEGAL,https://icrs.informe.org/nei-sos-icrs/ICRS?CorpSumm=20100206+F
158,MAINELY ELECTROLOGY LLC,LEGAL,https://icrs.informe.org/nei-sos-icrs/ICRS?CorpSumm=20192291DC
159,MAINELY EMBROIDERY LLC,LEGAL,https://icrs.informe.org/nei-sos-icrs/ICRS?CorpSumm=20182716DC
160,"MAINELY ENGINEERING, INC.",LEGAL,https://icrs.informe.org/nei-sos-icrs/ICRS?CorpSumm=19892089+D
161,MAINELY ENGRAVING LLC,ASSUMED,https://icrs.informe.org/nei-sos-icrs/ICRS?CorpSumm=20121673DC
162,"MAINELY ENTERPRISES, LLC",LEGAL,https://icrs.informe.org/nei-sos-icrs/ICRS?CorpSumm=20154717DC
163,"MAINELY ENTERTAINMENT, INC.",LEGAL,https://icrs.informe.org/nei-sos-icrs/ICRS?CorpSumm=20170077+D
164,MAINELY ENVIRONMENTAL LLC,LEGAL,https://icrs.informe.org/nei-sos-icrs/ICRS?CorpSumm=20175762DC
165,MAINELY EQUINE BODYWORKS LLC,RESERVED,https://icrs.informe.org/nei-sos-icrs/ICRS?CorpSumm=20190141RC
166,"MAINELY ERRANDS, LLC",LEGAL,https://icrs.informe.org/nei-sos-icrs/ICRS?CorpSumm=20162141DC
167,"MAINELY ESCAPES, INC.",LEGAL,https://icrs.informe.org/nei-sos-icrs/ICRS?CorpSumm=20160269+D
168,"MAINELY EVENTS, LLC",LEGAL,https://icrs.informe.org/nei-sos-icrs/ICRS?CorpSumm=20174717DC
169,"MAINELY EXPORTS, LLC",LEGAL,https://icrs.informe.org/nei-sos-icrs/ICRS?CorpSumm=20182762DC
170,MAINELY EYES - CANCELLED,ASSUMED,https://icrs.informe.org/nei-sos-icrs/ICRS?CorpSumm=19990985+D
171,MAINELY EYES,LEGAL,https://icrs.informe.org/nei-sos-icrs/ICRS?CorpSumm=20130179+D
172,MAINE'LY FURNITURE RESTORATION AND REFINISHING LLC,LEGAL,https://icrs.informe.org/nei-sos-icrs/ICRS?CorpSumm=20191284DC
173,MAINE-LY FINANCIAL SERVICES LLC,FORMER,https://icrs.informe.org/nei-sos-icrs/ICRS?CorpSumm=20092641DC
174,MAINE-LY FIRE SPRINKLERS,ASSUMED,https://icrs.informe.org/nei-sos-icrs/ICRS?CorpSumm=19970555+F
175,"MAINE-LY FISH PRINTS AND MERCANTILE, LLC",LEGAL,https://icrs.informe.org/nei-sos-icrs/ICRS?CorpSumm=20151833DC
176,"MAINE-LY FISHING GUIDE SERVICE, INC.",LEGAL,https://icrs.informe.org/nei-sos-icrs/ICRS?CorpSumm=19861864+D
177,MAINE-LY FOAM,ASSUMED,https://icrs.informe.org/nei-sos-icrs/ICRS?CorpSumm=19960197+D
178,"MAINE-LY FOODS, INCORPORATED",LEGAL,https://icrs.informe.org/nei-sos-icrs/ICRS?CorpSumm=20030916+D
179,MAINE-LY FOR YOU,MARK,https://icrs.informe.org/nei-sos-icrs/ICRS?MarkSumm=19940037+M
180,"MAINELY FAMILIES, INC.",LEGAL,https://icrs.informe.org/nei-sos-icrs/ICRS?CorpSumm=19830298ND
181,"MAINELY FARM, HOME AND GARDEN, INC.",LEGAL,https://icrs.informe.org/nei-sos-icrs/ICRS?CorpSumm=19890740+D
182,"MAINELY FENCE, LLC",FORMER,https://icrs.informe.org/nei-sos-icrs/ICRS?CorpSumm=20152317DC
183,MAINELY FENCE,ASSUMED,https://icrs.informe.org/nei-sos-icrs/ICRS?CorpSumm=20140063+D
184,MAINELY FIREARMS LLC,LEGAL,https://icrs.informe.org/nei-sos-icrs/ICRS?CorpSumm=20185072DC
185,"MAINELY FIT, INC.",LEGAL,https://icrs.informe.org/nei-sos-icrs/ICRS?CorpSumm=20031961+D
186,MAINELY FITNESS LLC,LEGAL,https://icrs.informe.org/nei-sos-icrs/ICRS?CorpSumm=20130541DC
187,MAINELY FITNESS LLC,LEGAL,https://icrs.informe.org/nei-sos-icrs/ICRS?CorpSumm=20183045DC
188,MAINELY FITNESS PATIENCE RESISTENCE RESULTS,MARK,https://icrs.informe.org/nei-sos-icrs/ICRS?MarkSumm=20130054+M
189,"MAINELY FLAGS, INC.",LEGAL,https://icrs.informe.org/nei-sos-icrs/ICRS?CorpSumm=19950018+D
190,MAINELY FLOATS LLC,LEGAL,https://icrs.informe.org/nei-sos-icrs/ICRS?CorpSumm=20083821DC
191,"MAINELY FLOORS BY GEORGE, INC.",LEGAL,https://icrs.informe.org/nei-sos-icrs/ICRS?CorpSumm=20100152+D
192,"MAINELY FLOWERS, LLC",LEGAL,https://icrs.informe.org/nei-sos-icrs/ICRS?CorpSumm=20203818DC
193,MAINELY FOLK PRODUCTIONS,LEGAL,https://icrs.informe.org/nei-sos-icrs/ICRS?CorpSumm=19890504ND
194,"MAINELY FOOD & FUEL, INC.",LEGAL,https://icrs.informe.org/nei-sos-icrs/ICRS?CorpSumm=20070471+D
195,"MAINELY FOUNDATIONS, LLC",LEGAL,https://icrs.informe.org/nei-sos-icrs/ICRS?CorpSumm=20144129DC
196,"MAINELY FRAMES & GALLERY, INC.",LEGAL,https://icrs.informe.org/nei-sos-icrs/ICRS?CorpSumm=19961212+D
197,MAINELY FRIENDS,LEGAL,https://icrs.informe.org/nei-sos-icrs/ICRS?CorpSumm=19881002+D
198,MAINELY FUN CHILDERN'S GYM LLC,LEGAL,https://icrs.informe.org/nei-sos-icrs/ICRS?CorpSumm=20191612DC
199,"COMMUNITY ENRICH-MENT MATTERS, ENRICH-ME, EMPOWER-ME, COMMUNITY TREASURES, WISDOM CARE, HEALTHY MATTERS, MAINELY GIFTED, REACH-4 WELLNESS, COMMUNITY",MARK,https://icrs.informe.org/nei-sos-icrs/ICRS?MarkSumm=20020147+M
200,MAINE-LY GULLS AND BUOYS,MARK,https://icrs.informe.org/nei-sos-icrs/ICRS?MarkSumm=19990150+M
201,"MAINE-LY GYMNASTICS, INC.",LEGAL,https://icrs.informe.org/nei-sos-icrs/ICRS?CorpSumm=20012629+D
202,"MAINE-LY GYMNASTICS, INC",LEGAL,https://icrs.informe.org/nei-sos-icrs/ICRS?CorpSumm=20120160+D
203,MAINELY GAMES,MARK,https://icrs.informe.org/nei-sos-icrs/ICRS?MarkSumm=20160181+M
204,"MAINELY GEMS AND JEWELRY, INC.",LEGAL,https://icrs.informe.org/nei-sos-icrs/ICRS?CorpSumm=20100517+D
205,MAINELY GENETICS LLC,LEGAL,https://icrs.informe.org/nei-sos-icrs/ICRS?CorpSumm=20172899DC
206,MAINELY GIFTED,ASSUMED,https://icrs.informe.org/nei-sos-icrs/ICRS?CorpSumm=20020118ND
207,MAINELY GIRLS,LEGAL,https://icrs.informe.org/nei-sos-icrs/ICRS?CorpSumm=20000406ND
208,"MAINELY GLAMPING, LLC",LEGAL,https://icrs.informe.org/nei-sos-icrs/ICRS?CorpSumm=20171817DC
209,MAINELY GLASS INC.,ASSUMED,https://icrs.informe.org/nei-sos-icrs/ICRS?CorpSumm=20160661+D
210,"MAINELY GLOVES, LLC",LEGAL,https://icrs.informe.org/nei-sos-icrs/ICRS?CorpSumm=20113741DC
211,MAINELY GOAT RESCUE,LEGAL,https://icrs.informe.org/nei-sos-icrs/ICRS?CorpSumm=20180404ND
212,MAINELY GOAT SOAP,MARK,https://icrs.informe.org/nei-sos-icrs/ICRS?MarkSumm=20160127+M
213,MAINELY GOLF CONSTRUCTION,LEGAL,https://icrs.informe.org/nei-sos-icrs/ICRS?CorpSumm=19991830+D
214,MAINELY GOURMET FOODS & GIFTS L.L.C.,LEGAL,https://icrs.informe.org/nei-sos-icrs/ICRS?CorpSumm=19980126DC
215,MAINELY GOURMET,MARK,https://icrs.informe.org/nei-sos-icrs/ICRS?MarkSumm=19870240+M
216,MAINELY GOURMET,MARK,https://icrs.informe.org/nei-sos-icrs/ICRS?MarkSumm=20080199+M
217,"MAINELY GRASS HOLDINGS, LLC",LEGAL,https://icrs.informe.org/nei-sos-icrs/ICRS?CorpSumm=20175562DC
218,"MAINELY GRASS OF NORTHEASTERN MA, INC.",FORMER,https://icrs.informe.org/nei-sos-icrs/ICRS?CorpSumm=20150994+D
219,"MAINELY GRASS OF SOUTHEASTERN MA, INC.",FORMER,https://icrs.informe.org/nei-sos-icrs/ICRS?CorpSumm=20130466+D
220,"MAINELY GRASS, INC.",FORMER,https://icrs.informe.org/nei-sos-icrs/ICRS?CorpSumm=19982352+D
221,"MAINELY GREEN CLEANING SERVICES, LLC",LEGAL,https://icrs.informe.org/nei-sos-icrs/ICRS?CorpSumm=20153271DC
222,MAINELY GREEN CLEANING,MARK,https://icrs.informe.org/nei-sos-icrs/ICRS?MarkSumm=20080073+M
223,"MAINELY GREEN, LLC",LEGAL,https://icrs.informe.org/nei-sos-icrs/ICRS?CorpSumm=20172145DC
224,MAINELY GREENERY LLP,LEGAL,https://icrs.informe.org/nei-sos-icrs/ICRS?CorpSumm=20200001DP
225,MAINELY GREENS,LEGAL,https://icrs.informe.org/nei-sos-icrs/ICRS?CorpSumm=20120503ND
226,MAINELY GREYHOUNDS,LEGAL,https://icrs.informe.org/nei-sos-icrs/ICRS?CorpSumm=19940049ND
227,MAINELY GROCERY STORE,LEGAL,https://icrs.informe.org/nei-sos-icrs/ICRS?CorpSumm=20141162+D
228,MAINE-LY HARMONY,LEGAL,https://icrs.informe.org/nei-sos-icrs/ICRS?CorpSumm=19860247ND
229,"MAINE-LY HAY, LLC",LEGAL,https://icrs.informe.org/nei-sos-icrs/ICRS?CorpSumm=20141773DC
230,MAINE-LY HEALTHY VENDING LLC,LEGAL,https://icrs.informe.org/nei-sos-icrs/ICRS?CorpSumm=20121127DC
231,MAINE-LY HEARING,MARK,https://icrs.informe.org/nei-sos-icrs/ICRS?MarkSumm=20100056+M
232,"MAINE-LY HEATING OIL, LLC",LEGAL,https://icrs.informe.org/nei-sos-icrs/ICRS?CorpSumm=20111132DC
233,"MAINE-LY HISTORIC HOMES & GARDENS, LLC",LEGAL,https://icrs.informe.org/nei-sos-icrs/ICRS?CorpSumm=20161264DC
234,"MAINE-LY HOME ACQUISITIONS, LLC",LEGAL,https://icrs.informe.org/nei-sos-icrs/ICRS?CorpSumm=20160027FC
235,MAINE-LY HOME IMPROVEMENTS CORP.,LEGAL,https://icrs.informe.org/nei-sos-icrs/ICRS?CorpSumm=19870530+D
236,MAINE-LY HYDROPONICS,LEGAL,https://icrs.informe.org/nei-sos-icrs/ICRS?CorpSumm=19980802+D
237,"MAINELY HAIR, INC.",LEGAL,https://icrs.informe.org/nei-sos-icrs/ICRS?CorpSumm=19951299+D
238,"MAINELY HANDRAILS, LLC",LEGAL,https://icrs.informe.org/nei-sos-icrs/ICRS?CorpSumm=20184778DC
239,"MAINELY HARDSCAPES, LLC",LEGAL,https://icrs.informe.org/nei-sos-icrs/ICRS?CorpSumm=20161091DC
240,MAINELY HARDSCAPES,LEGAL,https://icrs.informe.org/nei-sos-icrs/ICRS?CorpSumm=20120742+D
241,"MAINELY HEALTH AND NUTRITION, L.L.C.",LEGAL,https://icrs.informe.org/nei-sos-icrs/ICRS?CorpSumm=20134106DC
242,MAINELY HEALTH AND SAFETY LLC,LEGAL,https://icrs.informe.org/nei-sos-icrs/ICRS?CorpSumm=20187046DC
243,MAINELY HEALTHCARE RECEIVABLES,LEGAL,https://icrs.informe.org/nei-sos-icrs/ICRS?CorpSumm=20081597+D
244,"MAINELY HEALTHY MOUTHS, INC.",LEGAL,https://icrs.informe.org/nei-sos-icrs/ICRS?CorpSumm=20100325ND
245,"MAINELY HEAT PUMPS, LLC",LEGAL,https://icrs.informe.org/nei-sos-icrs/ICRS?CorpSumm=20152345DC
246,MAINELY HELPERS INC.,LEGAL,https://icrs.informe.org/nei-sos-icrs/ICRS?CorpSumm=20111057+D
247,MAINELY HELPING HANDS,MARK,https://icrs.informe.org/nei-sos-icrs/ICRS?MarkSumm=19930037+M
248,"MAINELY HEMP, LLC",LEGAL,https://icrs.informe.org/nei-sos-icrs/ICRS?CorpSumm=20196672DC
249,"MAINELY HERBALS, INC.",LEGAL,https://icrs.informe.org/nei-sos-icrs/ICRS?CorpSumm=19981011+D
250,MAINELY HERBS,ASSUMED,https://icrs.informe.org/nei-sos-icrs/ICRS?CorpSumm=20083392DC
251,MAINELY HOLDINGS LIMITED PARTNERSHIP,LEGAL,https://icrs.informe.org/nei-sos-icrs/ICRS?CorpSumm=20090000LP
252,MAINELY HOME IMPROVEMENT,LEGAL,https://icrs.informe.org/nei-sos-icrs/ICRS?CorpSumm=20100636+D
253,MAINELY HOME REPAIRS,MARK,https://icrs.informe.org/nei-sos-icrs/ICRS?MarkSumm=20110124+M
254,"MAINELY HOMES & FARMS, LLC",LEGAL,https://icrs.informe.org/nei-sos-icrs/ICRS?CorpSumm=20060391DC
255,MAINELY HOMES LLC,LEGAL,https://icrs.informe.org/nei-sos-icrs/ICRS?CorpSumm=20161719DC
256,"MAINELY HOMES, INC.",LEGAL,https://icrs.informe.org/nei-sos-icrs/ICRS?CorpSumm=19872522+D
257,"MAINELY HOURS, INC.",LEGAL,https://icrs.informe.org/nei-sos-icrs/ICRS?CorpSumm=20081018+D
258,"MAINELY HOUSE, LLC",LEGAL,https://icrs.informe.org/nei-sos-icrs/ICRS?CorpSumm=20190605FC
259,"MAINELY HRT, LLC",LEGAL,https://icrs.informe.org/nei-sos-icrs/ICRS?CorpSumm=20141924DC
260,"MAINELY HYDRO, LLC",LEGAL,https://icrs.informe.org/nei-sos-icrs/ICRS?CorpSumm=20153517DC
261,MAINELYHIKING LLC,FORMER,https://icrs.informe.org/nei-sos-icrs/ICRS?CorpSumm=20071674DC
262,MHBI MAINELY HOME & BUILDING INSPECTIONS,MARK,https://icrs.informe.org/nei-sos-icrs/ICRS?MarkSumm=20020006+M
263,DAVE GOVE'S MAINE-LY IMPORTS,MARK,https://icrs.informe.org/nei-sos-icrs/ICRS?MarkSumm=19970211+M
264,MAINE-LY ICE CREAM,MARK,https://icrs.informe.org/nei-sos-icrs/ICRS?MarkSumm=19910214+M
265,"MAINE-LY IMPORTS, INC.",LEGAL,https://icrs.informe.org/nei-sos-icrs/ICRS?CorpSumm=19971497+D
266,MAINE-LY INK INCORPORATED,LEGAL,https://icrs.informe.org/nei-sos-icrs/ICRS?CorpSumm=20091149+D
267,MAINE-LY INSPECTION SERVICES INC.,LEGAL,https://icrs.informe.org/nei-sos-icrs/ICRS?CorpSumm=20150476+D
268,MAINE-LY INSPECTION SERVICES LLC,LEGAL,https://icrs.informe.org/nei-sos-icrs/ICRS?CorpSumm=20093053DC
269,MAINE-LY IRISH,MARK,https://icrs.informe.org/nei-sos-icrs/ICRS?MarkSumm=20030258+M
270,"MAINELY ICE CREAM, LLC",LEGAL,https://icrs.informe.org/nei-sos-icrs/ICRS?CorpSumm=20154514DC
271,"MAINELY ICE, LLC",LEGAL,https://icrs.informe.org/nei-sos-icrs/ICRS?CorpSumm=20170412DC
272,MAINELY ICE,MARK,https://icrs.informe.org/nei-sos-icrs/ICRS?MarkSumm=20190095+M
273,"MAINELY IDEAS, LLC",LEGAL,https://icrs.informe.org/nei-sos-icrs/ICRS?CorpSumm=20154014DC
274,MAINELY IMAGE WEAR INC,LEGAL,https://icrs.informe.org/nei-sos-icrs/ICRS?CorpSumm=20160423+D
275,MAINELY INDEPENDENT,LEGAL,https://icrs.informe.org/nei-sos-icrs/ICRS?CorpSumm=20010962+D
276,"MAINELY INFUSIONS, LLC",LEGAL,https://icrs.informe.org/nei-sos-icrs/ICRS?CorpSumm=20181720DC
277,"MAINELY INSPECTIONS, INC.",LEGAL,https://icrs.informe.org/nei-sos-icrs/ICRS?CorpSumm=20002269+D
278,MAINELY INSURANCE SOLUTIONS LLC,LEGAL,https://icrs.informe.org/nei-sos-icrs/ICRS?CorpSumm=20111248DC
279,"MAINELY INTENSIVE THERAPIES, L.L.C.",LEGAL,https://icrs.informe.org/nei-sos-icrs/ICRS?CorpSumm=20102899DC
280,MAINELY INTERIORS,ASSUMED,https://icrs.informe.org/nei-sos-icrs/ICRS?CorpSumm=20081252+D
281,"MAINELY INTERNET, INC.",LEGAL,https://icrs.informe.org/nei-sos-icrs/ICRS?CorpSumm=19970720+F
282,"MAINELY INVESTMENT PROPERTIES, LLC",LEGAL,https://icrs.informe.org/nei-sos-icrs/ICRS?CorpSumm=20042628DC
283,MAINELY INVESTMENTS,LEGAL,https://icrs.informe.org/nei-sos-icrs/ICRS?CorpSumm=19890255+D
284,MAINELY IT LLC,LEGAL,https://icrs.informe.org/nei-sos-icrs/ICRS?CorpSumm=20197625DC
285,"MAINELYI REPAIR, LLC",LEGAL,https://icrs.informe.org/nei-sos-icrs/ICRS?CorpSumm=20153875DC
286,"MAINELYI, LLC",LEGAL,https://icrs.informe.org/nei-sos-icrs/ICRS?CorpSumm=20120209DC
287,"MAINE-LY JEEPS, LLC",LEGAL,https://icrs.informe.org/nei-sos-icrs/ICRS?CorpSumm=20120453DC
288,"MAINELY JEWELS, INC.",LEGAL,https://icrs.informe.org/nei-sos-icrs/ICRS?CorpSumm=19942045+D
289,MAINELY JORDAN PROPERTIES LLC,LEGAL,https://icrs.informe.org/nei-sos-icrs/ICRS?CorpSumm=20195671DC
290,"MAINELY JUNK REMOVAL & DELIVERY SERVICES, LLC",FORMER,https://icrs.informe.org/nei-sos-icrs/ICRS?CorpSumm=20190825+D
291,MAINELY JUST-US UNLIMITED INC.,LEGAL,https://icrs.informe.org/nei-sos-icrs/ICRS?CorpSumm=19990117ND
292,MAINELY K9,LEGAL,https://icrs.informe.org/nei-sos-icrs/ICRS?CorpSumm=20150250+D
293,"MAINELY KIDS & TEENS, LLC",FORMER,https://icrs.informe.org/nei-sos-icrs/ICRS?CorpSumm=20153776DC
294,MAINELY KIDS CHILD CARE & PRESCHOOL,ASSUMED,https://icrs.informe.org/nei-sos-icrs/ICRS?CorpSumm=20060577+D
295,MAINELY KIDS CHILDCARE & PRESCHOOL,MARK,https://icrs.informe.org/nei-sos-icrs/ICRS?MarkSumm=20060296+M
296,"MAINELY KIDS, INC.",LEGAL,https://icrs.informe.org/nei-sos-icrs/ICRS?CorpSumm=20042360+D
297,MAINELY KIDS,MARK,https://icrs.informe.org/nei-sos-icrs/ICRS?MarkSumm=19920197+M
298,"MAINELY KIDZ PT, INC.",LEGAL,https://icrs.informe.org/nei-sos-icrs/ICRS?CorpSumm=20052533+D
299,"MAINELY KIND CANNABIS COMPANY, LLC",LEGAL,https://icrs.informe.org/nei-sos-icrs/ICRS?CorpSumm=20191023DC
300,MAINELY KNOWLES LOBSTER,LEGAL,https://icrs.informe.org/nei-sos-icrs/ICRS?CorpSumm=20160127+D
301,"MAINELY-KNOBS, LLC",LEGAL,https://icrs.informe.org/nei-sos-icrs/ICRS?CorpSumm=20071418DC
302,"MAINELYKNOBS, LLC",FORMER,https://icrs.informe.org/nei-sos-icrs/ICRS?CorpSumm=20051645DC
303,"CARRIER'S MAINELY LOBSTER, INC.",LEGAL,https://icrs.informe.org/nei-sos-icrs/ICRS?CorpSumm=20100827+D
304,MAINE'LY LINENS,MARK,https://icrs.informe.org/nei-sos-icrs/ICRS?MarkSumm=19930167+M
305,MAINE'LY LOBSTAH CO. INC.,LEGAL,https://icrs.informe.org/nei-sos-icrs/ICRS?CorpSumm=20130673+D
306,"MAINE-LY LAKEFRONT PROPERTIES, LLC",LEGAL,https://icrs.informe.org/nei-sos-icrs/ICRS?CorpSumm=20132467DC
307,MAINE-LY LAND DEVELOPERS INC.,LEGAL,https://icrs.informe.org/nei-sos-icrs/ICRS?CorpSumm=19891010+D
308,"MAINE-LY LEGGIN'S PLUS, LLC",LEGAL,https://icrs.informe.org/nei-sos-icrs/ICRS?CorpSumm=20181140DC
309,MAINE-LY LOBSTER INC.,LEGAL,https://icrs.informe.org/nei-sos-icrs/ICRS?CorpSumm=19861374+D
310,"MAINELY LAKE PROPERTIES, LLC",LEGAL,https://icrs.informe.org/nei-sos-icrs/ICRS?CorpSumm=20020130DC
311,MAINELY LAWNS,ASSUMED,https://icrs.informe.org/nei-sos-icrs/ICRS?CorpSumm=20190376DC
312,MAINELY LEASING,LEGAL,https://icrs.informe.org/nei-sos-icrs/ICRS?CorpSumm=20021362+D
313,MAINELY LEGAL LLC,LEGAL,https://icrs.informe.org/nei-sos-icrs/ICRS?CorpSumm=20203080DC
314,MAINELY LENDING LLC,LEGAL,https://icrs.informe.org/nei-sos-icrs/ICRS?CorpSumm=20154024DC
315,MAINELY LETTERS AND LABELS,LEGAL,https://icrs.informe.org/nei-sos-icrs/ICRS?CorpSumm=19841857+D
316,MAINELY LINGONBERRIES CORPORATION,LEGAL,https://icrs.informe.org/nei-sos-icrs/ICRS?CorpSumm=19990266ND
317,"MAINELY LIQUIDATIONS, LLC",LEGAL,https://icrs.informe.org/nei-sos-icrs/ICRS?CorpSumm=20110671DC
318,MAINELY LIVING LLC,LEGAL,https://icrs.informe.org/nei-sos-icrs/ICRS?CorpSumm=20194788DC
319,"MAINELY LIVING, LLC",LEGAL,https://icrs.informe.org/nei-sos-icrs/ICRS?CorpSumm=20063928DC
320,"MAINELY LOBSTER AND SEAFOOD, INC.",LEGAL,https://icrs.informe.org/nei-sos-icrs/ICRS?CorpSumm=20041235+D
321,MAINELY LOBSTER CAFE LLC,LEGAL,https://icrs.informe.org/nei-sos-icrs/ICRS?CorpSumm=20183650DC
322,"MAINELY LOBSTER, LLC",LEGAL,https://icrs.informe.org/nei-sos-icrs/ICRS?CorpSumm=20192367DC
323,MAINELY LOBSTER,MARK,https://icrs.informe.org/nei-sos-icrs/ICRS?MarkSumm=19950056+M
324,"MAINELY LOCAL, INC.",LEGAL,https://icrs.informe.org/nei-sos-icrs/ICRS?CorpSumm=19850572+D
325,"MAINELY LOGGING, LLC",LEGAL,https://icrs.informe.org/nei-sos-icrs/ICRS?CorpSumm=20101271DC
326,MAINELY LOGISTICS LLC,LEGAL,https://icrs.informe.org/nei-sos-icrs/ICRS?CorpSumm=20186265DC
327,MAINELY LOUD LLC,LEGAL,https://icrs.informe.org/nei-sos-icrs/ICRS?CorpSumm=20197826DC
328,"MAINELY-LOU, LLC",LEGAL,https://icrs.informe.org/nei-sos-icrs/ICRS?CorpSumm=20124098DC
329,"PETS MAINELY, LLC",LEGAL,https://icrs.informe.org/nei-sos-icrs/ICRS?CorpSumm=20155315DC
330,THE MAINELY LOCAL STORE INC,LEGAL,https://icrs.informe.org/nei-sos-icrs/ICRS?CorpSumm=20121159+D
331,MAINE LYMAN CORP.,FORMER,https://icrs.informe.org/nei-sos-icrs/ICRS?CorpSumm=19790393+D
332,MAINE LYMPHEDEMA NETWORK,LEGAL,https://icrs.informe.org/nei-sos-icrs/ICRS?CorpSumm=20000271ND
333,"MAINE-LY MARINE SALES & SERVICE, INC.",LEGAL,https://icrs.informe.org/nei-sos-icrs/ICRS?CorpSumm=19971629+D
334,"MAINE-LY MARINE, INC.",LEGAL,https://icrs.informe.org/nei-sos-icrs/ICRS?CorpSumm=19901227+D
335,"MAINE-LY MEATBALLS, LLC",LEGAL,https://icrs.informe.org/nei-sos-icrs/ICRS?CorpSumm=20142514DC
336,"MAINE-LY MOBILE HOME FINANCING, INC.",LEGAL,https://icrs.informe.org/nei-sos-icrs/ICRS?CorpSumm=19900635+D
337,MAINE-LY MODERN PROPERTY MANAGEMENT AND CONSTRUCTION LLC,LEGAL,https://icrs.informe.org/nei-sos-icrs/ICRS?CorpSumm=20131734DC
338,"MAINE-LY MOISTURE CONTROL, LLC",LEGAL,https://icrs.informe.org/nei-sos-icrs/ICRS?CorpSumm=20090122DC
339,"MAINE-LY MUNCHIES, INC.",LEGAL,https://icrs.informe.org/nei-sos-icrs/ICRS?CorpSumm=20111122+D
340,"MAINE-LY MUSCLE AND FITNESS, INC.",LEGAL,https://icrs.informe.org/nei-sos-icrs/ICRS?CorpSumm=19940494+D
341,MAINE-LY MUSIC MINISTRY,FORMER,https://icrs.informe.org/nei-sos-icrs/ICRS?CorpSumm=19840198ND
342,"MAINELY MAC, INCORPORATED",LEGAL,https://icrs.informe.org/nei-sos-icrs/ICRS?CorpSumm=20000637+D
343,MAINELY MAHER BROTHERS LLC,LEGAL,https://icrs.informe.org/nei-sos-icrs/ICRS?CorpSumm=20200337DC
344,MAINELY MAHER BROTHERS RENTALS LLC,LEGAL,https://icrs.informe.org/nei-sos-icrs/ICRS?CorpSumm=20194910DC
345,MAINELY MAINTENANCE INC.,LEGAL,https://icrs.informe.org/nei-sos-icrs/ICRS?CorpSumm=20170388+D
346,"MAINELY MALENFANT RENTAL PROPERTIES, LLC",LEGAL,https://icrs.informe.org/nei-sos-icrs/ICRS?CorpSumm=20192844DC
347,"MAINELY MANAGEMENT, INC.",FORMER,https://icrs.informe.org/nei-sos-icrs/ICRS?CorpSumm=19852200+D
348,"MAINELY MAPLE, LLC",LEGAL,https://icrs.informe.org/nei-sos-icrs/ICRS?CorpSumm=20113162DC
349,"MAINELY MAPS, INC.",LEGAL,https://icrs.informe.org/nei-sos-icrs/ICRS?CorpSumm=20160553+D
350,MAINELY MARINE MAINTENANCE,LEGAL,https://icrs.informe.org/nei-sos-icrs/ICRS?CorpSumm=20032193+D
351,"MAINELY MARINE SERVICES, LLC",LEGAL,https://icrs.informe.org/nei-sos-icrs/ICRS?CorpSumm=20143288DC
352,MAINELY MARINE SERVICES,MARK,https://icrs.informe.org/nei-sos-icrs/ICRS?MarkSumm=20100066+M
353,MAINELY MARINE,MARK,https://icrs.informe.org/nei-sos-icrs/ICRS?MarkSumm=20100065+M
354,MAINELY MARKETING,LEGAL,https://icrs.informe.org/nei-sos-icrs/ICRS?CorpSumm=19861553+D
355,"MAINELY MARTIAL ARTS, LLC",LEGAL,https://icrs.informe.org/nei-sos-icrs/ICRS?CorpSumm=20131144DC
356,"MAINELY MEAT BARBEQUES, LLC",FORMER,https://icrs.informe.org/nei-sos-icrs/ICRS?CorpSumm=20141024+D
357,"MAINELY MEAT DREAMWOOD HILL, LLC",ASSUMED,https://icrs.informe.org/nei-sos-icrs/ICRS?CorpSumm=20113330DC
358,"MAINELY MEATS, INC.",LEGAL,https://icrs.informe.org/nei-sos-icrs/ICRS?CorpSumm=19951898+D
359,MAINELY MEATS,LEGAL,https://icrs.informe.org/nei-sos-icrs/ICRS?CorpSumm=20032114+D
360,MAINELY MECHANICAL LLC,LEGAL,https://icrs.informe.org/nei-sos-icrs/ICRS?CorpSumm=20134459DC
361,"MAINELY MEDIA, LLC",FORMER,https://icrs.informe.org/nei-sos-icrs/ICRS?CorpSumm=20071767DC
362,MAINELY MEDIA,ASSUMED,https://icrs.informe.org/nei-sos-icrs/ICRS?CorpSumm=20123359DC
363,MAINELY MEDICAL L.L.C.,LEGAL,https://icrs.informe.org/nei-sos-icrs/ICRS?CorpSumm=20191963DC
364,MAINELY MEDICAL,MARK,https://icrs.informe.org/nei-sos-icrs/ICRS?MarkSumm=20200032+M
365,MAINELY MEDICATED,ASSUMED,https://icrs.informe.org/nei-sos-icrs/ICRS?CorpSumm=20141173+D
366,MAINELY MEMORIES,LEGAL,https://icrs.informe.org/nei-sos-icrs/ICRS?CorpSumm=20011908+D
367,MAINELY MEN,LEGAL,https://icrs.informe.org/nei-sos-icrs/ICRS?CorpSumm=20010014ND
368,"MAINELY MESH, LLC",LEGAL,https://icrs.informe.org/nei-sos-icrs/ICRS?CorpSumm=20151495DC
369,"MAINELY METRIC AUTO, LLC",LEGAL,https://icrs.informe.org/nei-sos-icrs/ICRS?CorpSumm=20082587DC
370,"MAINELY METROLOGY, INC.",LEGAL,https://icrs.informe.org/nei-sos-icrs/ICRS?CorpSumm=19940169+D
371,"MAINELY MEXICAN, LLC",LEGAL,https://icrs.informe.org/nei-sos-icrs/ICRS?CorpSumm=20176109DC
372,MAINELY MILKING INC.,LEGAL,https://icrs.informe.org/nei-sos-icrs/ICRS?CorpSumm=19940953+D
373,"MAINELY MINE TOO, LLC",LEGAL,https://icrs.informe.org/nei-sos-icrs/ICRS?CorpSumm=20060255DC
374,"MAINELY MINE, LLC",LEGAL,https://icrs.informe.org/nei-sos-icrs/ICRS?CorpSumm=20060254DC
375,MAINELY MOBILE HOMES LLC,LEGAL,https://icrs.informe.org/nei-sos-icrs/ICRS?CorpSumm=20165827DC
376,MAINELY MOBILE TECHNOLOGIES LLC,FORMER,https://icrs.informe.org/nei-sos-icrs/ICRS?CorpSumm=20042553+D
377,"MAINELY MOBILE-INSULATION & WEATHERIZATION SERVICES, LLC",LEGAL,https://icrs.informe.org/nei-sos-icrs/ICRS?CorpSumm=20163573DC
378,MAINELY MOLASSES,LEGAL,https://icrs.informe.org/nei-sos-icrs/ICRS?CorpSumm=20100360+D
379,MAINELY MOLDING & RESTORATION LLC,LEGAL,https://icrs.informe.org/nei-sos-icrs/ICRS?CorpSumm=20061009DC
380,MAINELY MOMS,MARK,https://icrs.informe.org/nei-sos-icrs/ICRS?MarkSumm=20020222+M
381,"MAINELY MONITORS HEATING, INC.",LEGAL,https://icrs.informe.org/nei-sos-icrs/ICRS?CorpSumm=19961606+D
382,"MAINELY MOOSE, INC.",LEGAL,https://icrs.informe.org/nei-sos-icrs/ICRS?CorpSumm=19931567+D
383,MAINELY MORTGAGES,LEGAL,https://icrs.informe.org/nei-sos-icrs/ICRS?CorpSumm=20002527+D
384,"MAINELY MOTORS, LLC",LEGAL,https://icrs.informe.org/nei-sos-icrs/ICRS?CorpSumm=20160116DC
385,MAINELY MOTORSPORTS INC.,LEGAL,https://icrs.informe.org/nei-sos-icrs/ICRS?CorpSumm=20080668+D
386,"MAINELY MOUSEHOLES, INC.",LEGAL,https://icrs.informe.org/nei-sos-icrs/ICRS?CorpSumm=20052204+D
387,"MAINELY MOWING, LLC",LEGAL,https://icrs.informe.org/nei-sos-icrs/ICRS?CorpSumm=20190894DC
388,"MAINELY MULCH, LLC",LEGAL,https://icrs.informe.org/nei-sos-icrs/ICRS?CorpSumm=20162323DC
389,MAINELY MUNICIPAL CONSULTANTING INC,LEGAL,https://icrs.informe.org/nei-sos-icrs/ICRS?CorpSumm=20051771+D
390,MAINELY MUSEUMS LLC,LEGAL,https://icrs.informe.org/nei-sos-icrs/ICRS?CorpSumm=20101219DC
391,MAINELY MUSIC,LEGAL,https://icrs.informe.org/nei-sos-icrs/ICRS?CorpSumm=19870142+D
392,MAINELY MUTTS ANIMAL RESCUE,LEGAL,https://icrs.informe.org/nei-sos-icrs/ICRS?CorpSumm=20190309ND
393,"MAINELYMARA, LLC",LEGAL,https://icrs.informe.org/nei-sos-icrs/ICRS?CorpSumm=20100710DC
394,MAINELYME,LEGAL,https://icrs.informe.org/nei-sos-icrs/ICRS?CorpSumm=20110057ND
395,"MAINELYMETALS, LLC",LEGAL,https://icrs.informe.org/nei-sos-icrs/ICRS?CorpSumm=20041234DC
396,"QUALITY PRODUCTS MAINELY MADE, INC.",LEGAL,https://icrs.informe.org/nei-sos-icrs/ICRS?CorpSumm=19971463+D
397,"TACO SHELL'S MAINE-LY MEXICAN, INC.",LEGAL,https://icrs.informe.org/nei-sos-icrs/ICRS?CorpSumm=19972022+D
398,THE MAINE LYME AWARENESS PROJECT,LEGAL,https://icrs.informe.org/nei-sos-icrs/ICRS?CorpSumm=19990366ND
399,MAINE-LY NORML,LEGAL,https://icrs.informe.org/nei-sos-icrs/ICRS?CorpSumm=20030170ND
400,MAINELY NATURALS,MARK,https://icrs.informe.org/nei-sos-icrs/ICRS?MarkSumm=20100146+M
401,MAINELY NETWORKING LLC,LEGAL,https://icrs.informe.org/nei-sos-icrs/ICRS?CorpSumm=20141828DC
402,MAINELY NEW ENGLAND,LEGAL,https://icrs.informe.org/nei-sos-icrs/ICRS?CorpSumm=19970816+D
403,"MAINELY NEW HOMES, INC.",LEGAL,https://icrs.informe.org/nei-sos-icrs/ICRS?CorpSumm=20051748+D
404,"MAINELY NEWSPAPERS, INC.",LEGAL,https://icrs.informe.org/nei-sos-icrs/ICRS?CorpSumm=19900289+F
405,"MAINELY NEWSPAPERS, INC.",LEGAL,https://icrs.informe.org/nei-sos-icrs/ICRS?CorpSumm=20020463+F
406,MAINELY NORTHERN LIGHTS LLC,LEGAL,https://icrs.informe.org/nei-sos-icrs/ICRS?CorpSumm=20020526DC
407,"MAINELY NU PULSE, LLC",LEGAL,https://icrs.informe.org/nei-sos-icrs/ICRS?CorpSumm=20201278DC
408,"MAINELY NUGGETS, LLC",LEGAL,https://icrs.informe.org/nei-sos-icrs/ICRS?CorpSumm=20203147DC
409,MAINELY NUTRITION LLC,LEGAL,https://icrs.informe.org/nei-sos-icrs/ICRS?CorpSumm=20204025DC
410,MAINELY NUTRITION-CANCELLED,ASSUMED,https://icrs.informe.org/nei-sos-icrs/ICRS?CorpSumm=20100009+D
411,MAINELY OIL LLC,LEGAL,https://icrs.informe.org/nei-sos-icrs/ICRS?CorpSumm=20110550DC
412,MAINELY ON YOUR OWN TOURS,MARK,https://icrs.informe.org/nei-sos-icrs/ICRS?MarkSumm=19920225+M
413,"MAINELY ORGANIC MEDICINALS, LLC",LEGAL,https://icrs.informe.org/nei-sos-icrs/ICRS?CorpSumm=20121511DC
414,"MAINELY ORGANIC, LLC",LEGAL,https://icrs.informe.org/nei-sos-icrs/ICRS?CorpSumm=20083007DC
415,"MAINELY ORGANICS GARDENING SUPPLIES, LLC",LEGAL,https://icrs.informe.org/nei-sos-icrs/ICRS?CorpSumm=20153145DC
416,MAINELY ORGANICS LLC,LEGAL,https://icrs.informe.org/nei-sos-icrs/ICRS?CorpSumm=20160115DC
417,"MAINELY OUR LANDHOLDINGS, L.L.C.",LEGAL,https://icrs.informe.org/nei-sos-icrs/ICRS?CorpSumm=19980471DC
418,"MAINELY OURS, INC.",LEGAL,https://icrs.informe.org/nei-sos-icrs/ICRS?CorpSumm=19980556+D
419,MAINELY OUTDOORS,MARK,https://icrs.informe.org/nei-sos-icrs/ICRS?MarkSumm=20160010+M
420,"MAINELY OUTSIDE MAINTENANCE, INC.",LEGAL,https://icrs.informe.org/nei-sos-icrs/ICRS?CorpSumm=19870821+D
421,"MAINELY OVERHEAD DOORS, LLC",LEGAL,https://icrs.informe.org/nei-sos-icrs/ICRS?CorpSumm=20031252DC
422,MAINELY.ORG LLC,LEGAL,https://icrs.informe.org/nei-sos-icrs/ICRS?CorpSumm=20092790DC
423,"MAINELYOLDSTUFF, INC.",LEGAL,https://icrs.informe.org/nei-sos-icrs/ICRS?CorpSumm=20101191+D
424,FOREFRONT MAINELY PARTNERS LLC,LEGAL,https://icrs.informe.org/nei-sos-icrs/ICRS?CorpSumm=20120708DC
425,"MAINE-LY PACKING & CRATING, INC.",LEGAL,https://icrs.informe.org/nei-sos-icrs/ICRS?CorpSumm=20040364+D
426,"MAINE-LY PAVING SERVICES, LLC",LEGAL,https://icrs.informe.org/nei-sos-icrs/ICRS?CorpSumm=20143006DC
427,"MAINE-LY PAWN, LLC",LEGAL,https://icrs.informe.org/nei-sos-icrs/ICRS?CorpSumm=20173090DC
428,"MAINE-LY PINE COUNTRY STORE, INC.",LEGAL,https://icrs.informe.org/nei-sos-icrs/ICRS?CorpSumm=19731162+D
429,"MAINE-LY POULTRY, INCORPORATED",LEGAL,https://icrs.informe.org/nei-sos-icrs/ICRS?CorpSumm=19921906+D
430,MAINE-LY POWERSPORTS INC.,LEGAL,https://icrs.informe.org/nei-sos-icrs/ICRS?CorpSumm=20140792+D
431,"MAINE-LY PRO PAINTING, LLC",LEGAL,https://icrs.informe.org/nei-sos-icrs/ICRS?CorpSumm=20201319DC
432,"MAINELY PAINT, LLC",LEGAL,https://icrs.informe.org/nei-sos-icrs/ICRS?CorpSumm=20165046DC
433,"MAINELY PARENTS, INC.",LEGAL,https://icrs.informe.org/nei-sos-icrs/ICRS?CorpSumm=19970497ND
434,"MAINELY PASTRIES, LLC",LEGAL,https://icrs.informe.org/nei-sos-icrs/ICRS?CorpSumm=20110421DC
435,"MAINELY PAVEMENT MAINTENANCE, INC.",FORMER,https://icrs.informe.org/nei-sos-icrs/ICRS?CorpSumm=20080545+D
436,MAINELY PAVEMENT MAINTENANCE,ASSUMED,https://icrs.informe.org/nei-sos-icrs/ICRS?CorpSumm=20072128DC
437,MAINELY PAVING,MARK,https://icrs.informe.org/nei-sos-icrs/ICRS?MarkSumm=19990087+M
438,MAINELY PAWS LLC,LEGAL,https://icrs.informe.org/nei-sos-icrs/ICRS?CorpSumm=20112760DC
439,"MAINELY PAYROLL, INC.",LEGAL,https://icrs.informe.org/nei-sos-icrs/ICRS?CorpSumm=19891252+D
440,"MAINELY PELLETS, LLC",LEGAL,https://icrs.informe.org/nei-sos-icrs/ICRS?CorpSumm=20091196DC
441,MAINELY PETS FOUNDATION,LEGAL,https://icrs.informe.org/nei-sos-icrs/ICRS?CorpSumm=20180072ND
442,MAINELY PHYSICAL THERAPY,FORMER,https://icrs.informe.org/nei-sos-icrs/ICRS?CorpSumm=19932076+D
443,MAINELY PICTURES LLC,LEGAL,https://icrs.informe.org/nei-sos-icrs/ICRS?CorpSumm=20072358DC
444,"MAINELY PIG ROASTS, LLC",LEGAL,https://icrs.informe.org/nei-sos-icrs/ICRS?CorpSumm=20154156DC
445,MAINELY PINK LLC,LEGAL,https://icrs.informe.org/nei-sos-icrs/ICRS?CorpSumm=20181672DC
446,"MAINELY PIZZA, INC.",LEGAL,https://icrs.informe.org/nei-sos-icrs/ICRS?CorpSumm=19893000+D
447,MAINELY PLANES INC.,LEGAL,https://icrs.informe.org/nei-sos-icrs/ICRS?CorpSumm=20160320ND
448,"MAINELY PLUMBING & HEATING, INC.",LEGAL,https://icrs.informe.org/nei-sos-icrs/ICRS?CorpSumm=19862496+D
449,MAINELY POTTERY,LEGAL,https://icrs.informe.org/nei-sos-icrs/ICRS?CorpSumm=19883134+D
450,MAINELY POWER WASHING LLC,LEGAL,https://icrs.informe.org/nei-sos-icrs/ICRS?CorpSumm=20196353DC
451,MAINELY PRESSURE WASHING LLC,LEGAL,https://icrs.informe.org/nei-sos-icrs/ICRS?CorpSumm=20140491DC
452,"MAINELY PRIMAL, LLC",LEGAL,https://icrs.informe.org/nei-sos-icrs/ICRS?CorpSumm=20202581DC
453,MAINELY PRINTS,MARK,https://icrs.informe.org/nei-sos-icrs/ICRS?MarkSumm=20010059+M
454,"MAINELY PROCESSING, LLC",LEGAL,https://icrs.informe.org/nei-sos-icrs/ICRS?CorpSumm=20193277DC
455,"MAINELY PROMOTIONS PRINTING, LLC",LEGAL,https://icrs.informe.org/nei-sos-icrs/ICRS?CorpSumm=20194981DC
456,"MAINELY PROMOTIONS, INC.",ASSUMED,https://icrs.informe.org/nei-sos-icrs/ICRS?CorpSumm=19861476+D
457,"MAINELY PROMOTIONS, INC.",FORMER,https://icrs.informe.org/nei-sos-icrs/ICRS?CorpSumm=19872169+D
458,"MAINELY PROPERTIES & CONSTRUCTION, LLC",LEGAL,https://icrs.informe.org/nei-sos-icrs/ICRS?CorpSumm=20063292DC
459,"MAINELY PROPERTY CARE, LLC",LEGAL,https://icrs.informe.org/nei-sos-icrs/ICRS?CorpSumm=20180916DC
460,"MAINELY PROPERTY MANAGEMENT, LLC",LEGAL,https://icrs.informe.org/nei-sos-icrs/ICRS?CorpSumm=20133422DC
461,MAINELY PROPERTY SERVICES LLC,LEGAL,https://icrs.informe.org/nei-sos-icrs/ICRS?CorpSumm=20186194DC
462,MAINELY PUMP & MOTOR COMPANY,LEGAL,https://icrs.informe.org/nei-sos-icrs/ICRS?CorpSumm=20180660+D
463,"MAINELY PUPPIES PLUS, LLC",LEGAL,https://icrs.informe.org/nei-sos-icrs/ICRS?CorpSumm=20187276DC
464,MAINELY QUILTS,MARK,https://icrs.informe.org/nei-sos-icrs/ICRS?MarkSumm=19940081+M
465,"MAINE-LY RED WING, INC.",LEGAL,https://icrs.informe.org/nei-sos-icrs/ICRS?CorpSumm=19811438+D
466,"MAINE-LY REPAIRS, INC.",LEGAL,https://icrs.informe.org/nei-sos-icrs/ICRS?CorpSumm=19930986+D
467,"MAINE-LY RESTORATION, INC.",LEGAL,https://icrs.informe.org/nei-sos-icrs/ICRS?CorpSumm=19972676+D
468,"MAINE-LY RETURNABLES, INC.",LEGAL,https://icrs.informe.org/nei-sos-icrs/ICRS?CorpSumm=19951386+D
469,MAINELY RADIOS LLC,LEGAL,https://icrs.informe.org/nei-sos-icrs/ICRS?CorpSumm=20153857DC
470,"MAINELY RAIN IRRIGATION, LLC",LEGAL,https://icrs.informe.org/nei-sos-icrs/ICRS?CorpSumm=20042127DC
471,"MAINELY RAT RESCUE, INC.",LEGAL,https://icrs.informe.org/nei-sos-icrs/ICRS?CorpSumm=20080443ND
472,"MAINELY REALTY, LLC",FORMER,https://icrs.informe.org/nei-sos-icrs/ICRS?CorpSumm=20143053DC
473,MAINELY RELIEF CO. LLC,LEGAL,https://icrs.informe.org/nei-sos-icrs/ICRS?CorpSumm=20172231DC
474,"MAINELY RENOVATIONS, INC.",LEGAL,https://icrs.informe.org/nei-sos-icrs/ICRS?CorpSumm=19991723+D
475,"MAINELY RENT TO OWN, INC.",LEGAL,https://icrs.informe.org/nei-sos-icrs/ICRS?CorpSumm=20160249+D
476,"MAINELY RENT TO OWN, INC.",LEGAL,https://icrs.informe.org/nei-sos-icrs/ICRS?CorpSumm=19980293+D
477,"MAINELY RENTAL, INC.",LEGAL,https://icrs.informe.org/nei-sos-icrs/ICRS?CorpSumm=19942485+D
478,"MAINELY RENTALS, INC",LEGAL,https://icrs.informe.org/nei-sos-icrs/ICRS?CorpSumm=20061925+D
479,"MAINELY RESOURCES, INC.",LEGAL,https://icrs.informe.org/nei-sos-icrs/ICRS?CorpSumm=20110070ND
480,MAINELY RESTORATIONS LLC,LEGAL,https://icrs.informe.org/nei-sos-icrs/ICRS?CorpSumm=20185770DC
481,"MAINELY ROCKS & LANDSCAPING, INC.",LEGAL,https://icrs.informe.org/nei-sos-icrs/ICRS?CorpSumm=20021056+D
482,MAINELY ROOTED LLC,LEGAL,https://icrs.informe.org/nei-sos-icrs/ICRS?CorpSumm=20170338DC
483,"MAINELY ROOTS, LLC",LEGAL,https://icrs.informe.org/nei-sos-icrs/ICRS?CorpSumm=20172095DC
484,MAINELY RUNNING LLC,LEGAL,https://icrs.informe.org/nei-sos-icrs/ICRS?CorpSumm=20113643DC
485,MAINELY RUNNING,LEGAL,https://icrs.informe.org/nei-sos-icrs/ICRS?CorpSumm=19912006+D
486,MAINELY RUSTIC LLC,LEGAL,https://icrs.informe.org/nei-sos-icrs/ICRS?CorpSumm=20173037DC
487,"MAINELY-REAL ESTATE, L.L.C.",LEGAL,https://icrs.informe.org/nei-sos-icrs/ICRS?CorpSumm=20030952DC
488,MAINE-LY SCENTS,LEGAL,https://icrs.informe.org/nei-sos-icrs/ICRS?CorpSumm=20100758+D
489,"MAINE-LY SEAFOODS, INC.",LEGAL,https://icrs.informe.org/nei-sos-icrs/ICRS?CorpSumm=19911752+D
490,MAINE-LY SHELLFISH INTERNATIONAL LLC,FORMER,https://icrs.informe.org/nei-sos-icrs/ICRS?CorpSumm=20161697DC
491,"MAINE-LY SHIELD WALLETS, INC.",LEGAL,https://icrs.informe.org/nei-sos-icrs/ICRS?CorpSumm=19972861+D
492,MAINE-LY SHIRT DISPLAY,ASSUMED,https://icrs.informe.org/nei-sos-icrs/ICRS?CorpSumm=19941854+D
493,"MAINE-LY SMALL ENGINES, INC.",LEGAL,https://icrs.informe.org/nei-sos-icrs/ICRS?CorpSumm=19831294+D
494,MAINE-LY SMALL ENGINES,ASSUMED,https://icrs.informe.org/nei-sos-icrs/ICRS?CorpSumm=20010126+D
495,MAINE-LY SMOKED SALMON COMPANY,MARK,https://icrs.informe.org/nei-sos-icrs/ICRS?MarkSumm=19960086+M
496,MAINE-LY SNACKS LLC,LEGAL,https://icrs.informe.org/nei-sos-icrs/ICRS?CorpSumm=20101794DC
497,MAINE-LY SNACKS,LEGAL,https://icrs.informe.org/nei-sos-icrs/ICRS?CorpSumm=19940332+D
498,"MAINE-LY SPORTS MAGAZINE, INC.",LEGAL,https://icrs.informe.org/nei-sos-icrs/ICRS?CorpSumm=19850502+D
499,MAINE-LY SPORTS,MARK,https://icrs.informe.org/nei-sos-icrs/ICRS?MarkSumm=19850049+M
500,"MAINE-LY SUBWAY, INC.",FORMER,https://icrs.informe.org/nei-sos-icrs/ICRS?CorpSumm=20022484+D
501,MAINELY SALADS L.L.C.,LEGAL,https://icrs.informe.org/nei-sos-icrs/ICRS?CorpSumm=20143422DC
502,"MAINELY SALES, INC.",LEGAL,https://icrs.informe.org/nei-sos-icrs/ICRS?CorpSumm=19862205+D
503,MAINELY SANDWICHES,LEGAL,https://icrs.informe.org/nei-sos-icrs/ICRS?CorpSumm=20052518+D
504,"MAINELY SCOOTERS, LLC",LEGAL,https://icrs.informe.org/nei-sos-icrs/ICRS?CorpSumm=20113176DC
505,MAINELY SCRUBS,LEGAL,https://icrs.informe.org/nei-sos-icrs/ICRS?CorpSumm=19981762+D
506,MAINELY SCUBA & RECREATION,LEGAL,https://icrs.informe.org/nei-sos-icrs/ICRS?CorpSumm=20050198+D
507,"MAINELY SEAFOOD OF ENFIELD, LLC",LEGAL,https://icrs.informe.org/nei-sos-icrs/ICRS?CorpSumm=20073413DC
508,MAINELY SEAWEED LLC,LEGAL,https://icrs.informe.org/nei-sos-icrs/ICRS?CorpSumm=20183449DC
509,"MAINELY SENSORS, LLC",LEGAL,https://icrs.informe.org/nei-sos-icrs/ICRS?CorpSumm=20030909DC
510,"MAINELY SERVICE, INC.",LEGAL,https://icrs.informe.org/nei-sos-icrs/ICRS?CorpSumm=20151171+D
511,MAINELY SEWING MACHINES,LEGAL,https://icrs.informe.org/nei-sos-icrs/ICRS?CorpSumm=19990822+D
512,MAINELY SEWING,LEGAL,https://icrs.informe.org/nei-sos-icrs/ICRS?CorpSumm=20012647+D
513,MAINELY SHADES & LIGHTING,ASSUMED,https://icrs.informe.org/nei-sos-icrs/ICRS?CorpSumm=19942513+D
514,"MAINELY SHADES, INC.",FORMER,https://icrs.informe.org/nei-sos-icrs/ICRS?CorpSumm=19841000+D
515,MAINELY SHADES,MARK,https://icrs.informe.org/nei-sos-icrs/ICRS?MarkSumm=19820147+M
516,"MAINELY SHEDS, LLC",LEGAL,https://icrs.informe.org/nei-sos-icrs/ICRS?CorpSumm=20163901DC
517,"MAINELY SIMPLE, LLC",LEGAL,https://icrs.informe.org/nei-sos-icrs/ICRS?CorpSumm=20102132DC
518,MAINELY SISTERS,LEGAL,https://icrs.informe.org/nei-sos-icrs/ICRS?CorpSumm=19970518+D
519,"MAINELY SITTERS, LLC",LEGAL,https://icrs.informe.org/nei-sos-icrs/ICRS?CorpSumm=20204019DC
520,MAINELY SKI AND RIDE LLC,LEGAL,https://icrs.informe.org/nei-sos-icrs/ICRS?CorpSumm=20152451DC
521,"MAINELY SKIN, LLC",LEGAL,https://icrs.informe.org/nei-sos-icrs/ICRS?CorpSumm=20202345DC
522,"MAINELY SOCIAL, INC",LEGAL,https://icrs.informe.org/nei-sos-icrs/ICRS?CorpSumm=20200371+D
523,"MAINELY SOFTWARE, INC.",LEGAL,https://icrs.informe.org/nei-sos-icrs/ICRS?CorpSumm=19910266+D
524,"MAINELY SOILS, LLC",LEGAL,https://icrs.informe.org/nei-sos-icrs/ICRS?CorpSumm=20190153DC
525,"MAINELY SOLAR, LLC",LEGAL,https://icrs.informe.org/nei-sos-icrs/ICRS?CorpSumm=20203933DC
526,MAINELY SOLUTIONS,MARK,https://icrs.informe.org/nei-sos-icrs/ICRS?MarkSumm=20040270+M
527,MAINELY SPAS,ASSUMED,https://icrs.informe.org/nei-sos-icrs/ICRS?CorpSumm=19941060+D
528,MAINELY SPEAKING LLC.,LEGAL,https://icrs.informe.org/nei-sos-icrs/ICRS?CorpSumm=20121243DC
529,"MAINELY SPUDS, INC.",LEGAL,https://icrs.informe.org/nei-sos-icrs/ICRS?CorpSumm=19992315+D
530,"MAINELY STAINLESS, INC.",LEGAL,https://icrs.informe.org/nei-sos-icrs/ICRS?CorpSumm=19872206+D
531,MAINELY STONE,LEGAL,https://icrs.informe.org/nei-sos-icrs/ICRS?CorpSumm=19981886+D
532,"MAINELY STOVES & FUEL YARD, LLC",LEGAL,https://icrs.informe.org/nei-sos-icrs/ICRS?CorpSumm=20091421DC
533,"MAINELY SUBS, INC.",LEGAL,https://icrs.informe.org/nei-sos-icrs/ICRS?CorpSumm=19932141+D
534,MAINELY SUCCULENTS LLC,LEGAL,https://icrs.informe.org/nei-sos-icrs/ICRS?CorpSumm=20186424DC
535,"MAINELY SUNROOMS & PARK MODEL SERVICES, INC.",LEGAL,https://icrs.informe.org/nei-sos-icrs/ICRS?CorpSumm=20150693+D
536,"MAINELY SUPPLEMENTS, LLC",LEGAL,https://icrs.informe.org/nei-sos-icrs/ICRS?CorpSumm=20011019DC
537,"MAINELY SURGICAL, LLC",LEGAL,https://icrs.informe.org/nei-sos-icrs/ICRS?CorpSumm=20172705DC
538,"MAINELY SWEET WATER, INC.",LEGAL,https://icrs.informe.org/nei-sos-icrs/ICRS?CorpSumm=19970291+F
539,"MAINELYSEO, LLC",LEGAL,https://icrs.informe.org/nei-sos-icrs/ICRS?CorpSumm=20112607DC
540,MAINE-LY TACTICAL & UNIFORM LLC,FORMER,https://icrs.informe.org/nei-sos-icrs/ICRS?CorpSumm=20142120DC
541,MAINE-LY TACTICAL & UNIFORM,ASSUMED,https://icrs.informe.org/nei-sos-icrs/ICRS?CorpSumm=20160369+F
542,"MAINE-LY TIED & TREASURES, LLC",LEGAL,https://icrs.informe.org/nei-sos-icrs/ICRS?CorpSumm=20122250DC
543,"MAINE-LY TITLES, INC.",LEGAL,https://icrs.informe.org/nei-sos-icrs/ICRS?CorpSumm=20061991+D
544,MAINE-LY TONER,MARK,https://icrs.informe.org/nei-sos-icrs/ICRS?MarkSumm=19980144+M
545,MAINE-LY TOOLS,MARK,https://icrs.informe.org/nei-sos-icrs/ICRS?MarkSumm=19890118+M
546,MAINE-LY TREES INC.,LEGAL,https://icrs.informe.org/nei-sos-icrs/ICRS?CorpSumm=19901404+D
547,"MAINELY TECH, INC.",LEGAL,https://icrs.informe.org/nei-sos-icrs/ICRS?CorpSumm=20020715+D
548,MAINELY TECHNOLOGY SERVICES,ASSUMED,https://icrs.informe.org/nei-sos-icrs/ICRS?CorpSumm=20080251DC
549,"MAINELY TEMPS, INC.",LEGAL,https://icrs.informe.org/nei-sos-icrs/ICRS?CorpSumm=19910741+D
550,MAINELY THERAPY,LEGAL,https://icrs.informe.org/nei-sos-icrs/ICRS?CorpSumm=19931869+D
551,"MAINELY TICKETS, INC.",LEGAL,https://icrs.informe.org/nei-sos-icrs/ICRS?CorpSumm=20051600+D
552,"MAINELY TICKS FRANCHISE DEVELOPMENT, INC.",LEGAL,https://icrs.informe.org/nei-sos-icrs/ICRS?CorpSumm=20180596+D
553,"MAINELY TICKS, INC.",FORMER,https://icrs.informe.org/nei-sos-icrs/ICRS?CorpSumm=20050575+D
554,MAINELY TIDAL PEBBLE ART LLC,LEGAL,https://icrs.informe.org/nei-sos-icrs/ICRS?CorpSumm=20196903DC
555,"MAINELY TILE, INC.",LEGAL,https://icrs.informe.org/nei-sos-icrs/ICRS?CorpSumm=19980166+D
556,"MAINELY TIN-NOCKING, INC.",LEGAL,https://icrs.informe.org/nei-sos-icrs/ICRS?CorpSumm=20022154+D
557,"MAINELY TITLE ABSTRACTS, INC.",LEGAL,https://icrs.informe.org/nei-sos-icrs/ICRS?CorpSumm=19840888+D
558,"MAINELY TOURS & GIFTS, INC.",LEGAL,https://icrs.informe.org/nei-sos-icrs/ICRS?CorpSumm=19962120+D
559,MAINELY TOURS,MARK,https://icrs.informe.org/nei-sos-icrs/ICRS?MarkSumm=19950318+M
560,"MAINELY TOWING, LLC",LEGAL,https://icrs.informe.org/nei-sos-icrs/ICRS?CorpSumm=19980486DC
561,"MAINELY TRACTORS, INC.",LEGAL,https://icrs.informe.org/nei-sos-icrs/ICRS?CorpSumm=20010719+D
562,"MAINELY TRADING, LLC",LEGAL,https://icrs.informe.org/nei-sos-icrs/ICRS?CorpSumm=20176174DC
563,"MAINELY TRUCKING, LLC",LEGAL,https://icrs.informe.org/nei-sos-icrs/ICRS?CorpSumm=20043157DC
564,MAINELY TRUSSES-CANCELLED,ASSUMED,https://icrs.informe.org/nei-sos-icrs/ICRS?CorpSumm=19941616+D
565,MAINELY TRUSSES,ASSUMED,https://icrs.informe.org/nei-sos-icrs/ICRS?CorpSumm=19891066+D
566,MAINELY TUBS,FORMER,https://icrs.informe.org/nei-sos-icrs/ICRS?CorpSumm=19862619+D
567,MAINELY TUBS,MARK,https://icrs.informe.org/nei-sos-icrs/ICRS?MarkSumm=19870037+M
568,MAINELY TURF LLC,LEGAL,https://icrs.informe.org/nei-sos-icrs/ICRS?CorpSumm=20164651DC
569,MAINELY TURNING,LEGAL,https://icrs.informe.org/nei-sos-icrs/ICRS?CorpSumm=20040669+D
570,MAINELY TUXEDOS,LEGAL,https://icrs.informe.org/nei-sos-icrs/ICRS?CorpSumm=19961706+D
571,"MAINELY U-NIFORMS BY KIMBERLY MARLENE, LLC",LEGAL,https://icrs.informe.org/nei-sos-icrs/ICRS?CorpSumm=20150954DC
572,MAINELY UNIFORMS,LEGAL,https://icrs.informe.org/nei-sos-icrs/ICRS?CorpSumm=20091155+D
573,"MAINELY URNS, INC.",LEGAL,https://icrs.informe.org/nei-sos-icrs/ICRS?CorpSumm=20041254+D
574,MAINE-LY VACATION PROPERTIES,LEGAL,https://icrs.informe.org/nei-sos-icrs/ICRS?CorpSumm=19980025+D
575,MAINELY VAPES LLC,LEGAL,https://icrs.informe.org/nei-sos-icrs/ICRS?CorpSumm=20165724DC
576,MAINELY VIDEOS,LEGAL,https://icrs.informe.org/nei-sos-icrs/ICRS?CorpSumm=20021961+D
577,"MAINELY VINYL, INC.",LEGAL,https://icrs.informe.org/nei-sos-icrs/ICRS?CorpSumm=19892571+D
578,"MAINE-LY WASTE SERVICES, INC.",LEGAL,https://icrs.informe.org/nei-sos-icrs/ICRS?CorpSumm=19881702+D
579,MAINE-LY WASTE SERVICES,MARK,https://icrs.informe.org/nei-sos-icrs/ICRS?MarkSumm=19880048+M
580,MAINE-LY WOODWORKING,MARK,https://icrs.informe.org/nei-sos-icrs/ICRS?MarkSumm=20000349+M
581,"MAINELY WALKING TOURS, INC.",LEGAL,https://icrs.informe.org/nei-sos-icrs/ICRS?CorpSumm=19930590+D
582,"MAINELY WATER, LLC",LEGAL,https://icrs.informe.org/nei-sos-icrs/ICRS?CorpSumm=20170895DC
583,MAINELY WEB  -CANCELLED,ASSUMED,https://icrs.informe.org/nei-sos-icrs/ICRS?CorpSumm=20193103DC
584,"MAINELY WEB, LLC",LEGAL,https://icrs.informe.org/nei-sos-icrs/ICRS?CorpSumm=20040416DC
585,MAINELY WEDDING CAKES LLC,LEGAL,https://icrs.informe.org/nei-sos-icrs/ICRS?CorpSumm=20165894DC
586,"MAINELY WEDDING PHOTOGRAPHY, LLC",LEGAL,https://icrs.informe.org/nei-sos-icrs/ICRS?CorpSumm=20183196DC
587,"MAINELY WILDERNESS, CORP.",LEGAL,https://icrs.informe.org/nei-sos-icrs/ICRS?CorpSumm=20200139+D
588,MAINELY WINTERPORT LLC,LEGAL,https://icrs.informe.org/nei-sos-icrs/ICRS?CorpSumm=20154755DC
589,"MAINELY WIRED, LLC",LEGAL,https://icrs.informe.org/nei-sos-icrs/ICRS?CorpSumm=20062439DC
590,MAINELY WIRED,ASSUMED,https://icrs.informe.org/nei-sos-icrs/ICRS?CorpSumm=20081796DC
591,MAINELY WIRELESS REPAIR,LEGAL,https://icrs.informe.org/nei-sos-icrs/ICRS?CorpSumm=20030583+D
592,"MAINELY WIRELESS SALES & SERVICE, INC.",LEGAL,https://icrs.informe.org/nei-sos-icrs/ICRS?CorpSumm=20042811+D
593,MAINELY WITTY GIFTS LLC,LEGAL,https://icrs.informe.org/nei-sos-icrs/ICRS?CorpSumm=20195462DC
594,MAINELY WOOD,ASSUMED,https://icrs.informe.org/nei-sos-icrs/ICRS?CorpSumm=19850228ND
595,MAINELY WORDS,MARK,https://icrs.informe.org/nei-sos-icrs/ICRS?MarkSumm=20080087+M
596,"MAINELY WRAPS - PORTLAND, LLC",LEGAL,https://icrs.informe.org/nei-sos-icrs/ICRS?CorpSumm=20144437DC
597,"MAINELY WRAPS - SCARBOROUGH, LLC",LEGAL,https://icrs.informe.org/nei-sos-icrs/ICRS?CorpSumm=20144438DC
598,"PARDUE'S MAINE-LY WOOD, INC.",LEGAL,https://icrs.informe.org/nei-sos-icrs/ICRS?CorpSumm=19901713+D
599,MAINELY YARD CARE LLC,LEGAL,https://icrs.informe.org/nei-sos-icrs/ICRS?CorpSumm=20196691DC
600,MAINELY YARD CARE,LEGAL,https://icrs.informe.org/nei-sos-icrs/ICRS?CorpSumm=20190007GP
601,"MAINELY YORK TRAILER PARK, INC.",LEGAL,https://icrs.informe.org/nei-sos-icrs/ICRS?CorpSumm=19880370+D
602,"MAINELY YOUNG, LLC",LEGAL,https://icrs.informe.org/nei-sos-icrs/ICRS?CorpSumm=20050684DC
603,MAINELY YOURS,MARK,https://icrs.informe.org/nei-sos-icrs/ICRS?MarkSumm=19970010+M
604,THE MAINELY YOGA NOOK LLC,LEGAL,https://icrs.informe.org/nei-sos-icrs/ICRS?CorpSumm=20185329DC
605,"MAINELY 4 RENTALS, LLC",LEGAL,https://icrs.informe.org/nei-sos-icrs/ICRS?CorpSumm=20174403DC
