DATE,CEP_CUSTOMERS,TOTAL_CUSTOMERS,UTILITY,CUSTOMER_CLASS
2023-07-31,10708.0,128179.0,BANGOR HYDRO DISTRICT,SMALL
2023-06-30,10553.0,128042.0,BANGOR HYDRO DISTRICT,SMALL
2023-05-31,10329.0,127786.0,BANGOR HYDRO DISTRICT,SMALL
2023-04-30,10008.0,127396.0,BANGOR HYDRO DISTRICT,SMALL
2023-03-31,9678.0,126984.0,BANGOR HYDRO DISTRICT,SMALL
2023-02-28,9590.0,126899.0,BANGOR HYDRO DISTRICT,SMALL
2023-01-31,9865.0,126865.0,BANGOR HYDRO DISTRICT,SMALL
2022-12-31,10017.0,126794.0,BANGOR HYDRO DISTRICT,SMALL
2022-11-30,10162.0,126756.0,BANGOR HYDRO DISTRICT,SMALL
2022-10-31,10285.0,126983.0,BANGOR HYDRO DISTRICT,SMALL
2022-09-30,10347.0,127392.0,BANGOR HYDRO DISTRICT,SMALL
2022-08-31,9030.0,116781.0,BANGOR HYDRO DISTRICT,SMALL
2022-07-31,9166.0,118154.0,BANGOR HYDRO DISTRICT,SMALL
2022-06-30,10972.0,136505.0,BANGOR HYDRO DISTRICT,SMALL
2022-05-31,11085.0,136118.0,BANGOR HYDRO DISTRICT,SMALL
2022-04-30,11144.0,135447.0,BANGOR HYDRO DISTRICT,SMALL
2022-03-21,11122.0,135161.0,BANGOR HYDRO DISTRICT,SMALL
2022-02-28,10970.0,135125.0,BANGOR HYDRO DISTRICT,SMALL
2022-01-31,10767.0,135018.0,BANGOR HYDRO DISTRICT,SMALL
2021-12-31,10772.0,134874.0,BANGOR HYDRO DISTRICT,SMALL
2021-11-30,10859.0,134967.0,BANGOR HYDRO DISTRICT,SMALL
2021-10-31,11121.0,135092.0,BANGOR HYDRO DISTRICT,SMALL
2021-09-30,11228.0,135479.0,BANGOR HYDRO DISTRICT,SMALL
2021-08-31,11246.0,135353.0,BANGOR HYDRO DISTRICT,SMALL
2021-07-01,11399.0,135497.0,BANGOR HYDRO DISTRICT,SMALL
2021-06-01,11365.0,135006.0,BANGOR HYDRO DISTRICT,SMALL
2021-05-01,11331.0,134515.0,BANGOR HYDRO DISTRICT,SMALL
2021-04-01,11291.0,134082.0,BANGOR HYDRO DISTRICT,SMALL
2021-03-01,11329.0,133417.0,BANGOR HYDRO DISTRICT,SMALL
2021-02-01,11255.0,133169.0,BANGOR HYDRO DISTRICT,SMALL
2021-01-01,11160.0,133075.0,BANGOR HYDRO DISTRICT,SMALL
2020-12-31,11040.0,133202.0,BANGOR HYDRO DISTRICT,SMALL
2020-11-30,10932.0,132995.0,BANGOR HYDRO DISTRICT,SMALL
2020-10-31,10834.0,133144.0,BANGOR HYDRO DISTRICT,SMALL
2020-09-30,10826.0,133610.0,BANGOR HYDRO DISTRICT,SMALL
2020-08-01,10813.0,133566.0,BANGOR HYDRO DISTRICT,SMALL
2020-07-01,10642.0,133416.0,BANGOR HYDRO DISTRICT,SMALL
2020-06-01,10654.0,133061.0,BANGOR HYDRO DISTRICT,SMALL
2020-05-01,10737.0,132471.0,BANGOR HYDRO DISTRICT,SMALL
2020-04-01,10719.0,127850.0,BANGOR HYDRO DISTRICT,SMALL
2020-03-01,10772.0,127508.0,BANGOR HYDRO DISTRICT,SMALL
2020-02-01,10809.0,127382.0,BANGOR HYDRO DISTRICT,SMALL
2020-01-01,10898.0,127300.0,BANGOR HYDRO DISTRICT,SMALL
2019-12-01,11076.0,127251.0,BANGOR HYDRO DISTRICT,SMALL
2019-11-01,11282.0,127322.0,BANGOR HYDRO DISTRICT,SMALL
2019-10-01,11110.0,127611.0,BANGOR HYDRO DISTRICT,SMALL
2019-09-01,11141.0,128113.0,BANGOR HYDRO DISTRICT,SMALL
2019-08-01,11219.0,128117.0,BANGOR HYDRO DISTRICT,SMALL
2019-07-01,11366.0,128030.0,BANGOR HYDRO DISTRICT,SMALL
2019-06-01,11478.0,127819.0,BANGOR HYDRO DISTRICT,SMALL
2019-05-01,11563.0,127511.0,BANGOR HYDRO DISTRICT,SMALL
2019-04-01,11711.0,126906.0,BANGOR HYDRO DISTRICT,SMALL
2019-03-01,11722.0,126690.0,BANGOR HYDRO DISTRICT,SMALL
2019-02-01,11757.0,140609.0,BANGOR HYDRO DISTRICT,SMALL
2019-01-01,11808.0,140568.0,BANGOR HYDRO DISTRICT,SMALL
2018-12-01,11933.0,126595.0,BANGOR HYDRO DISTRICT,SMALL
2018-11-01,11953.0,126629.0,BANGOR HYDRO DISTRICT,SMALL
2018-10-31,11693.0,127036.0,BANGOR HYDRO DISTRICT,SMALL
2018-09-01,11454.0,127349.0,BANGOR HYDRO DISTRICT,SMALL
2018-08-01,11627.0,127387.0,BANGOR HYDRO DISTRICT,SMALL
2018-07-01,11836.0,127073.0,BANGOR HYDRO DISTRICT,SMALL
2018-06-01,11654.0,127035.0,BANGOR HYDRO DISTRICT,SMALL
2018-05-01,10252.0,126717.0,BANGOR HYDRO DISTRICT,SMALL
2018-04-01,10129.0,125920.0,BANGOR HYDRO DISTRICT,SMALL
2018-03-01,10881.0,125465.0,BANGOR HYDRO DISTRICT,SMALL
2018-02-01,11011.0,125403.0,BANGOR HYDRO DISTRICT,SMALL
2018-01-01,11150.0,125407.0,BANGOR HYDRO DISTRICT,SMALL
2017-12-01,11188.0,125384.0,BANGOR HYDRO DISTRICT,SMALL
2017-11-01,11200.0,125486.0,BANGOR HYDRO DISTRICT,SMALL
2017-10-01,11378.0,125660.0,BANGOR HYDRO DISTRICT,SMALL
2017-09-01,11518.0,126126.0,BANGOR HYDRO DISTRICT,SMALL
2017-08-01,11621.0,126212.0,BANGOR HYDRO DISTRICT,SMALL
2017-07-01,11871.0,126023.0,BANGOR HYDRO DISTRICT,SMALL
2017-06-01,11913.0,125966.0,BANGOR HYDRO DISTRICT,SMALL
2017-05-01,11670.0,127410.0,BANGOR HYDRO DISTRICT,SMALL
2017-04-01,11257.0,126455.0,BANGOR HYDRO DISTRICT,SMALL
2017-03-01,11108.0,124207.0,BANGOR HYDRO DISTRICT,SMALL
2017-02-01,10883.0,124132.0,BANGOR HYDRO DISTRICT,SMALL
2017-01-01,10804.0,124127.0,BANGOR HYDRO DISTRICT,SMALL
2016-12-01,10958.0,124273.0,BANGOR HYDRO DISTRICT,SMALL
2016-11-01,10833.0,124675.0,BANGOR HYDRO DISTRICT,SMALL
2016-10-01,10865.0,125082.0,BANGOR HYDRO DISTRICT,SMALL
2016-09-01,10899.0,125197.0,BANGOR HYDRO DISTRICT,SMALL
2016-08-01,10998.0,125263.0,BANGOR HYDRO DISTRICT,SMALL
2016-07-01,10914.0,125024.0,BANGOR HYDRO DISTRICT,SMALL
2016-06-01,10623.0,124029.0,BANGOR HYDRO DISTRICT,SMALL
2016-05-01,10587.0,123756.0,BANGOR HYDRO DISTRICT,SMALL
2016-04-01,10569.0,123339.0,BANGOR HYDRO DISTRICT,SMALL
2016-03-01,10544.0,123297.0,BANGOR HYDRO DISTRICT,SMALL
2016-02-01,10481.0,123118.0,BANGOR HYDRO DISTRICT,SMALL
2016-01-01,10221.0,122900.0,BANGOR HYDRO DISTRICT,SMALL
2015-12-01,10657.0,123236.0,BANGOR HYDRO DISTRICT,SMALL
2015-11-01,10800.0,123784.0,BANGOR HYDRO DISTRICT,SMALL
2015-10-01,10875.0,123987.0,BANGOR HYDRO DISTRICT,SMALL
2015-09-01,10925.0,124103.0,BANGOR HYDRO DISTRICT,SMALL
2015-08-01,11059.0,124066.0,BANGOR HYDRO DISTRICT,SMALL
2015-07-01,11046.0,124131.0,BANGOR HYDRO DISTRICT,SMALL
2015-06-01,11097.0,123927.0,BANGOR HYDRO DISTRICT,SMALL
2015-05-01,11097.0,123519.0,BANGOR HYDRO DISTRICT,SMALL
2015-04-01,11196.0,122553.0,BANGOR HYDRO DISTRICT,SMALL
2015-03-01,11245.0,122290.0,BANGOR HYDRO DISTRICT,SMALL
2015-02-01,11397.0,122278.0,BANGOR HYDRO DISTRICT,SMALL
2015-01-01,11711.0,122304.0,BANGOR HYDRO DISTRICT,SMALL
2014-12-01,12167.0,122299.0,BANGOR HYDRO DISTRICT,SMALL
2014-11-01,13744.0,122382.0,BANGOR HYDRO DISTRICT,SMALL
2014-10-14,14276.0,122906.0,BANGOR HYDRO DISTRICT,SMALL
2014-09-01,14696.0,123569.0,BANGOR HYDRO DISTRICT,SMALL
2014-08-01,15157.0,123802.0,BANGOR HYDRO DISTRICT,SMALL
2014-07-01,15454.0,123686.0,BANGOR HYDRO DISTRICT,SMALL
2014-06-01,15558.0,123518.0,BANGOR HYDRO DISTRICT,SMALL
2014-05-01,15604.0,123062.0,BANGOR HYDRO DISTRICT,SMALL
2014-04-01,15499.0,122263.0,BANGOR HYDRO DISTRICT,SMALL
2014-03-01,15268.0,121931.0,BANGOR HYDRO DISTRICT,SMALL
2014-02-01,15197.0,121954.0,BANGOR HYDRO DISTRICT,SMALL
2014-01-01,15275.0,121936.0,BANGOR HYDRO DISTRICT,SMALL
2013-12-01,15450.0,122049.0,BANGOR HYDRO DISTRICT,SMALL
2013-11-01,18437.0,122193.0,BANGOR HYDRO DISTRICT,SMALL
2013-10-01,18236.0,122666.0,BANGOR HYDRO DISTRICT,SMALL
2013-09-01,18086.0,123314.0,BANGOR HYDRO DISTRICT,SMALL
2013-08-01,17903.0,123548.0,BANGOR HYDRO DISTRICT,SMALL
2013-07-01,17849.0,123430.0,BANGOR HYDRO DISTRICT,SMALL
2013-06-01,17942.0,123336.0,BANGOR HYDRO DISTRICT,SMALL
2013-05-01,17835.0,122978.0,BANGOR HYDRO DISTRICT,SMALL
2013-04-01,17445.0,122128.0,BANGOR HYDRO DISTRICT,SMALL
2013-03-01,17106.0,121557.0,BANGOR HYDRO DISTRICT,SMALL
2013-02-01,15447.0,121478.0,BANGOR HYDRO DISTRICT,SMALL
2013-01-01,14429.0,121508.0,BANGOR HYDRO DISTRICT,SMALL
2012-12-01,13303.0,121619.0,BANGOR HYDRO DISTRICT,SMALL
2012-11-01,11422.0,121737.0,BANGOR HYDRO DISTRICT,SMALL
2012-10-01,9479.0,122321.0,BANGOR HYDRO DISTRICT,SMALL
2012-09-01,8730.0,123110.0,BANGOR HYDRO DISTRICT,SMALL
2012-08-01,8300.0,123210.0,BANGOR HYDRO DISTRICT,SMALL
2012-07-01,7887.0,123012.0,BANGOR HYDRO DISTRICT,SMALL
2012-06-01,7161.0,122809.0,BANGOR HYDRO DISTRICT,SMALL
2012-05-01,6574.0,122352.0,BANGOR HYDRO DISTRICT,SMALL
2012-04-01,5871.0,121654.0,BANGOR HYDRO DISTRICT,SMALL
2012-03-01,4975.0,121148.0,BANGOR HYDRO DISTRICT,SMALL
2012-02-01,4552.0,120982.0,BANGOR HYDRO DISTRICT,SMALL
2012-01-01,1476.0,118314.0,BANGOR HYDRO DISTRICT,SMALL
2011-12-01,3971.0,121139.0,BANGOR HYDRO DISTRICT,SMALL
2011-11-01,3679.0,121336.0,BANGOR HYDRO DISTRICT,SMALL
2011-10-10,3564.0,121811.0,BANGOR HYDRO DISTRICT,SMALL
2011-09-11,3415.0,122517.0,BANGOR HYDRO DISTRICT,SMALL
2011-08-01,3437.0,122940.0,BANGOR HYDRO DISTRICT,SMALL
2011-07-01,3350.0,122731.0,BANGOR HYDRO DISTRICT,SMALL
2011-06-01,3393.0,122658.0,BANGOR HYDRO DISTRICT,SMALL
2011-05-01,3374.0,122257.0,BANGOR HYDRO DISTRICT,SMALL
2011-04-01,3382.0,121376.0,BANGOR HYDRO DISTRICT,SMALL
2011-03-01,3414.0,120920.0,BANGOR HYDRO DISTRICT,SMALL
2011-02-01,3395.0,120814.0,BANGOR HYDRO DISTRICT,SMALL
2011-01-01,3364.0,120799.0,BANGOR HYDRO DISTRICT,SMALL
2010-12-01,3311.0,120922.0,BANGOR HYDRO DISTRICT,SMALL
2010-11-01,3974.0,121766.0,BANGOR HYDRO DISTRICT,SMALL
2010-10-01,3294.0,121699.0,BANGOR HYDRO DISTRICT,SMALL
2010-09-01,3260.0,122486.0,BANGOR HYDRO DISTRICT,SMALL
2010-08-01,3189.0,122675.0,BANGOR HYDRO DISTRICT,SMALL
2010-07-01,2898.0,122549.0,BANGOR HYDRO DISTRICT,SMALL
2010-06-01,2793.0,122354.0,BANGOR HYDRO DISTRICT,SMALL
2010-05-01,2510.0,122031.0,BANGOR HYDRO DISTRICT,SMALL
2010-04-01,2136.0,120514.0,BANGOR HYDRO DISTRICT,SMALL
2010-03-01,2136.0,120514.0,BANGOR HYDRO DISTRICT,SMALL
2010-02-01,2020.0,120317.0,BANGOR HYDRO DISTRICT,SMALL
2010-01-01,2180.0,121114.0,BANGOR HYDRO DISTRICT,SMALL
2009-12-01,1684.0,120325.0,BANGOR HYDRO DISTRICT,SMALL
2009-11-01,1183.0,120355.0,BANGOR HYDRO DISTRICT,SMALL
2009-10-01,996.0,120919.0,BANGOR HYDRO DISTRICT,SMALL
2009-09-01,996.0,121871.0,BANGOR HYDRO DISTRICT,SMALL
2009-08-01,991.0,122080.0,BANGOR HYDRO DISTRICT,SMALL
2009-07-01,966.0,121911.0,BANGOR HYDRO DISTRICT,SMALL
2009-06-01,952.0,121832.0,BANGOR HYDRO DISTRICT,SMALL
2009-05-01,659.0,121403.0,BANGOR HYDRO DISTRICT,SMALL
2009-04-01,643.0,120410.0,BANGOR HYDRO DISTRICT,SMALL
2009-03-01,620.0,119812.0,BANGOR HYDRO DISTRICT,SMALL
2009-02-01,607.0,119760.0,BANGOR HYDRO DISTRICT,SMALL
2009-01-01,600.0,119777.0,BANGOR HYDRO DISTRICT,SMALL
2008-12-01,583.0,119188.0,BANGOR HYDRO DISTRICT,SMALL
2008-11-01,553.0,120010.0,BANGOR HYDRO DISTRICT,SMALL
2008-10-01,554.0,121507.0,BANGOR HYDRO DISTRICT,SMALL
2008-09-01,549.0,121473.0,BANGOR HYDRO DISTRICT,SMALL
2008-08-01,551.0,120990.0,BANGOR HYDRO DISTRICT,SMALL
2008-07-01,487.0,121406.0,BANGOR HYDRO DISTRICT,SMALL
2008-06-01,477.0,120914.0,BANGOR HYDRO DISTRICT,SMALL
2008-05-01,477.0,119854.0,BANGOR HYDRO DISTRICT,SMALL
2008-04-01,518.0,119361.0,BANGOR HYDRO DISTRICT,SMALL
2008-03-01,620.0,119313.0,BANGOR HYDRO DISTRICT,SMALL
2008-02-01,615.0,119359.0,BANGOR HYDRO DISTRICT,SMALL
2008-01-01,609.0,119359.0,BANGOR HYDRO DISTRICT,SMALL
2007-12-01,583.0,119539.0,BANGOR HYDRO DISTRICT,SMALL
2007-11-01,581.0,120096.0,BANGOR HYDRO DISTRICT,SMALL
2007-10-01,566.0,120933.0,BANGOR HYDRO DISTRICT,SMALL
2007-09-01,567.0,121021.0,BANGOR HYDRO DISTRICT,SMALL
2007-08-01,565.0,121004.0,BANGOR HYDRO DISTRICT,SMALL
2007-07-01,568.0,120770.0,BANGOR HYDRO DISTRICT,SMALL
2007-06-01,562.0,120047.0,BANGOR HYDRO DISTRICT,SMALL
2007-05-01,557.0,119069.0,BANGOR HYDRO DISTRICT,SMALL
2007-04-01,548.0,118510.0,BANGOR HYDRO DISTRICT,SMALL
2007-03-01,540.0,118541.0,BANGOR HYDRO DISTRICT,SMALL
2007-02-01,531.0,118487.0,BANGOR HYDRO DISTRICT,SMALL
2007-01-01,507.0,118376.0,BANGOR HYDRO DISTRICT,SMALL
2006-12-01,209.0,118288.0,BANGOR HYDRO DISTRICT,SMALL
2006-11-01,506.0,119206.0,BANGOR HYDRO DISTRICT,SMALL
2006-10-01,505.0,119976.0,BANGOR HYDRO DISTRICT,SMALL
2006-09-01,487.0,120200.0,BANGOR HYDRO DISTRICT,SMALL
2006-08-01,480.0,120006.0,BANGOR HYDRO DISTRICT,SMALL
2006-07-01,475.0,119666.0,BANGOR HYDRO DISTRICT,SMALL
2006-06-01,488.0,119099.0,BANGOR HYDRO DISTRICT,SMALL
2006-05-01,483.0,117844.0,BANGOR HYDRO DISTRICT,SMALL
2006-04-01,477.0,117261.0,BANGOR HYDRO DISTRICT,SMALL
2006-03-01,492.0,117168.0,BANGOR HYDRO DISTRICT,SMALL
2006-02-01,503.0,117097.0,BANGOR HYDRO DISTRICT,SMALL
2006-01-01,506.0,117097.0,BANGOR HYDRO DISTRICT,SMALL
2005-12-01,501.0,,BANGOR HYDRO DISTRICT,SMALL
2005-11-01,500.0,,BANGOR HYDRO DISTRICT,SMALL
2005-10-01,500.0,,BANGOR HYDRO DISTRICT,SMALL
2005-09-01,497.0,,BANGOR HYDRO DISTRICT,SMALL
2005-08-01,490.0,,BANGOR HYDRO DISTRICT,SMALL
2005-07-01,430.0,,BANGOR HYDRO DISTRICT,SMALL
2005-06-01,421.0,,BANGOR HYDRO DISTRICT,SMALL
2005-05-01,399.0,,BANGOR HYDRO DISTRICT,SMALL
2005-04-01,351.0,,BANGOR HYDRO DISTRICT,SMALL
2005-03-01,325.0,,BANGOR HYDRO DISTRICT,SMALL
2005-02-01,508.0,,BANGOR HYDRO DISTRICT,SMALL
2005-01-01,507.0,,BANGOR HYDRO DISTRICT,SMALL
2004-12-01,496.0,,BANGOR HYDRO DISTRICT,SMALL
2004-11-01,492.0,,BANGOR HYDRO DISTRICT,SMALL
2004-10-01,479.0,,BANGOR HYDRO DISTRICT,SMALL
2004-09-01,477.0,,BANGOR HYDRO DISTRICT,SMALL
2004-08-01,471.0,,BANGOR HYDRO DISTRICT,SMALL
2004-07-01,469.0,,BANGOR HYDRO DISTRICT,SMALL
2004-06-01,460.0,,BANGOR HYDRO DISTRICT,SMALL
2004-05-01,434.0,,BANGOR HYDRO DISTRICT,SMALL
2004-04-01,422.0,,BANGOR HYDRO DISTRICT,SMALL
2004-03-01,415.0,,BANGOR HYDRO DISTRICT,SMALL
2004-02-01,406.0,,BANGOR HYDRO DISTRICT,SMALL
2004-01-01,409.0,,BANGOR HYDRO DISTRICT,SMALL
2003-12-01,402.0,,BANGOR HYDRO DISTRICT,SMALL
2003-11-01,397.0,,BANGOR HYDRO DISTRICT,SMALL
2003-10-01,387.0,,BANGOR HYDRO DISTRICT,SMALL
2003-09-01,379.0,,BANGOR HYDRO DISTRICT,SMALL
2003-08-01,372.0,,BANGOR HYDRO DISTRICT,SMALL
2003-07-01,355.0,,BANGOR HYDRO DISTRICT,SMALL
2003-06-01,341.0,,BANGOR HYDRO DISTRICT,SMALL
2003-05-01,210.0,,BANGOR HYDRO DISTRICT,SMALL
2003-04-01,183.0,,BANGOR HYDRO DISTRICT,SMALL
2003-03-01,139.0,,BANGOR HYDRO DISTRICT,SMALL
2003-01-01,148.0,,BANGOR HYDRO DISTRICT,SMALL
2002-12-01,154.0,,BANGOR HYDRO DISTRICT,SMALL
2002-11-01,155.0,,BANGOR HYDRO DISTRICT,SMALL
2002-10-01,161.0,,BANGOR HYDRO DISTRICT,SMALL
2002-09-01,162.0,,BANGOR HYDRO DISTRICT,SMALL
2002-08-01,161.0,,BANGOR HYDRO DISTRICT,SMALL
2002-07-01,173.0,,BANGOR HYDRO DISTRICT,SMALL
2002-06-01,175.0,,BANGOR HYDRO DISTRICT,SMALL
2002-05-01,177.0,,BANGOR HYDRO DISTRICT,SMALL
2002-04-01,178.0,,BANGOR HYDRO DISTRICT,SMALL
2002-03-01,177.0,,BANGOR HYDRO DISTRICT,SMALL
2002-02-01,170.0,,BANGOR HYDRO DISTRICT,SMALL
2002-01-01,154.0,,BANGOR HYDRO DISTRICT,SMALL
2001-12-01,133.0,,BANGOR HYDRO DISTRICT,SMALL
2001-11-01,125.0,,BANGOR HYDRO DISTRICT,SMALL
2001-10-01,121.0,,BANGOR HYDRO DISTRICT,SMALL
2001-09-01,85.0,,BANGOR HYDRO DISTRICT,SMALL
2001-08-01,73.0,,BANGOR HYDRO DISTRICT,SMALL
2001-07-01,72.0,,BANGOR HYDRO DISTRICT,SMALL
2001-06-01,70.0,,BANGOR HYDRO DISTRICT,SMALL
2001-05-01,65.0,,BANGOR HYDRO DISTRICT,SMALL
2001-04-01,62.0,,BANGOR HYDRO DISTRICT,SMALL
2001-03-01,42.0,,BANGOR HYDRO DISTRICT,SMALL
2001-02-01,42.0,,BANGOR HYDRO DISTRICT,SMALL
2001-01-01,42.0,,BANGOR HYDRO DISTRICT,SMALL
2000-12-01,37.0,,BANGOR HYDRO DISTRICT,SMALL
2000-11-01,36.0,,BANGOR HYDRO DISTRICT,SMALL
2000-10-01,35.0,,BANGOR HYDRO DISTRICT,SMALL
2000-08-01,35.0,,BANGOR HYDRO DISTRICT,SMALL
2023-07-31,1726.0,35.0,BANGOR HYDRO DISTRICT,MEDIUM
2023-06-30,1728.0,35.0,BANGOR HYDRO DISTRICT,MEDIUM
2023-05-31,1728.0,35.0,BANGOR HYDRO DISTRICT,MEDIUM
2023-04-30,1717.0,36.0,BANGOR HYDRO DISTRICT,MEDIUM
2023-03-31,1686.0,36.0,BANGOR HYDRO DISTRICT,MEDIUM
2023-02-28,1666.0,36.0,BANGOR HYDRO DISTRICT,MEDIUM
2023-01-31,1665.0,36.0,BANGOR HYDRO DISTRICT,MEDIUM
2022-12-31,1670.0,36.0,BANGOR HYDRO DISTRICT,MEDIUM
2022-11-30,1679.0,36.0,BANGOR HYDRO DISTRICT,MEDIUM
2022-10-31,1697.0,36.0,BANGOR HYDRO DISTRICT,MEDIUM
2022-09-30,1704.0,36.0,BANGOR HYDRO DISTRICT,MEDIUM
2022-08-31,1518.0,34.0,BANGOR HYDRO DISTRICT,MEDIUM
2022-07-31,1519.0,34.0,BANGOR HYDRO DISTRICT,MEDIUM
2022-06-30,1747.0,37.0,BANGOR HYDRO DISTRICT,MEDIUM
2022-05-31,1779.0,36.0,BANGOR HYDRO DISTRICT,MEDIUM
2022-04-30,1761.0,36.0,BANGOR HYDRO DISTRICT,MEDIUM
2022-03-21,1711.0,36.0,BANGOR HYDRO DISTRICT,MEDIUM
2022-02-28,1695.0,36.0,BANGOR HYDRO DISTRICT,MEDIUM
2022-01-31,1692.0,36.0,BANGOR HYDRO DISTRICT,MEDIUM
2021-12-31,1502.0,36.0,BANGOR HYDRO DISTRICT,MEDIUM
2021-11-30,1494.0,36.0,BANGOR HYDRO DISTRICT,MEDIUM
2021-10-31,1540.0,36.0,BANGOR HYDRO DISTRICT,MEDIUM
2021-09-30,1608.0,35.0,BANGOR HYDRO DISTRICT,MEDIUM
2021-08-31,1543.0,37.0,BANGOR HYDRO DISTRICT,MEDIUM
2021-07-01,1526.0,34.0,BANGOR HYDRO DISTRICT,MEDIUM
2021-06-01,1535.0,34.0,BANGOR HYDRO DISTRICT,MEDIUM
2021-05-01,1468.0,34.0,BANGOR HYDRO DISTRICT,MEDIUM
2021-04-01,1528.0,34.0,BANGOR HYDRO DISTRICT,MEDIUM
2021-03-01,1675.0,34.0,BANGOR HYDRO DISTRICT,MEDIUM
2021-02-01,1467.0,34.0,BANGOR HYDRO DISTRICT,MEDIUM
2021-01-01,1476.0,34.0,BANGOR HYDRO DISTRICT,MEDIUM
2020-12-31,1552.0,34.0,BANGOR HYDRO DISTRICT,MEDIUM
2020-11-30,1457.0,32.0,BANGOR HYDRO DISTRICT,MEDIUM
2020-10-31,1651.0,32.0,BANGOR HYDRO DISTRICT,MEDIUM
2020-09-30,1674.0,32.0,BANGOR HYDRO DISTRICT,MEDIUM
2020-08-01,1606.0,32.0,BANGOR HYDRO DISTRICT,MEDIUM
2020-07-01,1624.0,32.0,BANGOR HYDRO DISTRICT,MEDIUM
2020-06-01,1610.0,28.0,BANGOR HYDRO DISTRICT,MEDIUM
2020-05-01,1603.0,28.0,BANGOR HYDRO DISTRICT,MEDIUM
2020-04-01,1833.0,32.0,BANGOR HYDRO DISTRICT,MEDIUM
2020-03-01,1823.0,32.0,BANGOR HYDRO DISTRICT,MEDIUM
2020-02-01,1815.0,32.0,BANGOR HYDRO DISTRICT,MEDIUM
2020-01-01,1823.0,32.0,BANGOR HYDRO DISTRICT,MEDIUM
2019-12-01,1831.0,32.0,BANGOR HYDRO DISTRICT,MEDIUM
2019-11-01,1841.0,32.0,BANGOR HYDRO DISTRICT,MEDIUM
2019-10-01,1866.0,32.0,BANGOR HYDRO DISTRICT,MEDIUM
2019-09-01,1876.0,32.0,BANGOR HYDRO DISTRICT,MEDIUM
2019-08-01,1881.0,32.0,BANGOR HYDRO DISTRICT,MEDIUM
2019-07-01,1885.0,32.0,BANGOR HYDRO DISTRICT,MEDIUM
2019-06-01,1885.0,32.0,BANGOR HYDRO DISTRICT,MEDIUM
2019-05-01,1884.0,32.0,BANGOR HYDRO DISTRICT,MEDIUM
2019-04-01,1881.0,33.0,BANGOR HYDRO DISTRICT,MEDIUM
2019-03-01,1854.0,33.0,BANGOR HYDRO DISTRICT,MEDIUM
2019-02-01,1856.0,31.0,BANGOR HYDRO DISTRICT,MEDIUM
2019-01-01,1863.0,31.0,BANGOR HYDRO DISTRICT,MEDIUM
2018-12-01,1864.0,31.0,BANGOR HYDRO DISTRICT,MEDIUM
2018-11-01,1868.0,31.0,BANGOR HYDRO DISTRICT,MEDIUM
2018-10-31,1851.0,31.0,BANGOR HYDRO DISTRICT,MEDIUM
2018-09-01,1859.0,31.0,BANGOR HYDRO DISTRICT,MEDIUM
2018-08-01,1864.0,31.0,BANGOR HYDRO DISTRICT,MEDIUM
2018-07-01,1861.0,30.0,BANGOR HYDRO DISTRICT,MEDIUM
2018-06-01,1864.0,30.0,BANGOR HYDRO DISTRICT,MEDIUM
2018-05-01,1857.0,29.0,BANGOR HYDRO DISTRICT,MEDIUM
2018-04-01,1849.0,29.0,BANGOR HYDRO DISTRICT,MEDIUM
2018-03-01,1827.0,29.0,BANGOR HYDRO DISTRICT,MEDIUM
2018-02-01,1825.0,29.0,BANGOR HYDRO DISTRICT,MEDIUM
2018-01-01,1827.0,30.0,BANGOR HYDRO DISTRICT,MEDIUM
2017-12-01,1831.0,35.0,BANGOR HYDRO DISTRICT,MEDIUM
2017-11-01,1834.0,35.0,BANGOR HYDRO DISTRICT,MEDIUM
2017-10-01,1859.0,31.0,BANGOR HYDRO DISTRICT,MEDIUM
2017-09-01,1858.0,31.0,BANGOR HYDRO DISTRICT,MEDIUM
2017-08-01,1853.0,31.0,BANGOR HYDRO DISTRICT,MEDIUM
2017-07-01,1854.0,32.0,BANGOR HYDRO DISTRICT,MEDIUM
2017-06-01,1852.0,33.0,BANGOR HYDRO DISTRICT,MEDIUM
2017-05-01,1791.0,32.0,BANGOR HYDRO DISTRICT,MEDIUM
2017-04-01,1758.0,30.0,BANGOR HYDRO DISTRICT,MEDIUM
2017-03-01,1800.0,32.0,BANGOR HYDRO DISTRICT,MEDIUM
2017-02-01,1792.0,34.0,BANGOR HYDRO DISTRICT,MEDIUM
2017-01-01,1792.0,34.0,BANGOR HYDRO DISTRICT,MEDIUM
2016-12-01,1808.0,30.0,BANGOR HYDRO DISTRICT,MEDIUM
2016-11-01,1825.0,34.0,BANGOR HYDRO DISTRICT,MEDIUM
2016-10-01,1831.0,34.0,BANGOR HYDRO DISTRICT,MEDIUM
2016-09-01,1833.0,35.0,BANGOR HYDRO DISTRICT,MEDIUM
2016-08-01,1835.0,35.0,BANGOR HYDRO DISTRICT,MEDIUM
2016-07-01,1838.0,34.0,BANGOR HYDRO DISTRICT,MEDIUM
2016-06-01,1821.0,35.0,BANGOR HYDRO DISTRICT,MEDIUM
2016-05-01,1747.0,35.0,BANGOR HYDRO DISTRICT,MEDIUM
2016-04-01,1810.0,35.0,BANGOR HYDRO DISTRICT,MEDIUM
2016-03-01,1815.0,35.0,BANGOR HYDRO DISTRICT,MEDIUM
2016-02-01,1815.0,35.0,BANGOR HYDRO DISTRICT,MEDIUM
2016-01-01,1829.0,32.0,BANGOR HYDRO DISTRICT,MEDIUM
2015-12-01,1859.0,33.0,BANGOR HYDRO DISTRICT,MEDIUM
2015-11-01,1879.0,33.0,BANGOR HYDRO DISTRICT,MEDIUM
2015-10-01,1881.0,33.0,BANGOR HYDRO DISTRICT,MEDIUM
2015-09-01,1880.0,33.0,BANGOR HYDRO DISTRICT,MEDIUM
2015-08-01,1883.0,33.0,BANGOR HYDRO DISTRICT,MEDIUM
2015-07-01,1882.0,33.0,BANGOR HYDRO DISTRICT,MEDIUM
2015-06-01,1882.0,33.0,BANGOR HYDRO DISTRICT,MEDIUM
2015-05-01,1883.0,33.0,BANGOR HYDRO DISTRICT,MEDIUM
2015-04-01,1854.0,34.0,BANGOR HYDRO DISTRICT,MEDIUM
2015-03-01,1811.0,34.0,BANGOR HYDRO DISTRICT,MEDIUM
2015-02-01,1800.0,34.0,BANGOR HYDRO DISTRICT,MEDIUM
2015-01-01,1775.0,34.0,BANGOR HYDRO DISTRICT,MEDIUM
2014-12-01,1787.0,34.0,BANGOR HYDRO DISTRICT,MEDIUM
2014-11-01,1818.0,34.0,BANGOR HYDRO DISTRICT,MEDIUM
2014-10-14,1838.0,34.0,BANGOR HYDRO DISTRICT,MEDIUM
2014-09-01,1856.0,34.0,BANGOR HYDRO DISTRICT,MEDIUM
2014-08-01,1862.0,34.0,BANGOR HYDRO DISTRICT,MEDIUM
2014-07-01,1861.0,34.0,BANGOR HYDRO DISTRICT,MEDIUM
2014-06-01,1862.0,34.0,BANGOR HYDRO DISTRICT,MEDIUM
2014-05-01,1856.0,34.0,BANGOR HYDRO DISTRICT,MEDIUM
2014-04-01,1833.0,33.0,BANGOR HYDRO DISTRICT,MEDIUM
2014-03-01,1769.0,34.0,BANGOR HYDRO DISTRICT,MEDIUM
2014-02-01,1737.0,33.0,BANGOR HYDRO DISTRICT,MEDIUM
2014-01-01,1737.0,33.0,BANGOR HYDRO DISTRICT,MEDIUM
2013-12-01,1752.0,34.0,BANGOR HYDRO DISTRICT,MEDIUM
2013-11-01,1765.0,34.0,BANGOR HYDRO DISTRICT,MEDIUM
2013-10-01,1798.0,34.0,BANGOR HYDRO DISTRICT,MEDIUM
2013-09-01,1817.0,34.0,BANGOR HYDRO DISTRICT,MEDIUM
2013-08-01,1824.0,34.0,BANGOR HYDRO DISTRICT,MEDIUM
2013-07-01,1831.0,34.0,BANGOR HYDRO DISTRICT,MEDIUM
2013-06-01,1730.0,34.0,BANGOR HYDRO DISTRICT,MEDIUM
2013-05-01,1833.0,34.0,BANGOR HYDRO DISTRICT,MEDIUM
2013-04-01,1816.0,34.0,BANGOR HYDRO DISTRICT,MEDIUM
2013-03-01,1778.0,34.0,BANGOR HYDRO DISTRICT,MEDIUM
2013-02-01,1760.0,34.0,BANGOR HYDRO DISTRICT,MEDIUM
2013-01-01,1742.0,34.0,BANGOR HYDRO DISTRICT,MEDIUM
2012-12-01,1734.0,34.0,BANGOR HYDRO DISTRICT,MEDIUM
2012-11-01,1765.0,33.0,BANGOR HYDRO DISTRICT,MEDIUM
2012-10-01,1797.0,33.0,BANGOR HYDRO DISTRICT,MEDIUM
2012-09-01,1813.0,33.0,BANGOR HYDRO DISTRICT,MEDIUM
2012-08-01,1823.0,33.0,BANGOR HYDRO DISTRICT,MEDIUM
2012-07-01,1819.0,33.0,BANGOR HYDRO DISTRICT,MEDIUM
2012-06-01,1814.0,31.0,BANGOR HYDRO DISTRICT,MEDIUM
2012-05-01,1809.0,31.0,BANGOR HYDRO DISTRICT,MEDIUM
2012-04-01,1797.0,31.0,BANGOR HYDRO DISTRICT,MEDIUM
2012-03-01,1749.0,31.0,BANGOR HYDRO DISTRICT,MEDIUM
2012-02-01,1722.0,30.0,BANGOR HYDRO DISTRICT,MEDIUM
2012-01-01,1679.0,31.0,BANGOR HYDRO DISTRICT,MEDIUM
2011-12-01,1695.0,31.0,BANGOR HYDRO DISTRICT,MEDIUM
2011-11-01,1714.0,31.0,BANGOR HYDRO DISTRICT,MEDIUM
2011-10-10,1743.0,31.0,BANGOR HYDRO DISTRICT,MEDIUM
2011-09-11,1765.0,31.0,BANGOR HYDRO DISTRICT,MEDIUM
2011-08-01,1766.0,32.0,BANGOR HYDRO DISTRICT,MEDIUM
2011-07-01,1743.0,32.0,BANGOR HYDRO DISTRICT,MEDIUM
2011-06-01,1734.0,33.0,BANGOR HYDRO DISTRICT,MEDIUM
2011-05-01,1726.0,33.0,BANGOR HYDRO DISTRICT,MEDIUM
2011-04-01,1707.0,33.0,BANGOR HYDRO DISTRICT,MEDIUM
2011-03-01,1674.0,33.0,BANGOR HYDRO DISTRICT,MEDIUM
2011-02-01,1652.0,33.0,BANGOR HYDRO DISTRICT,MEDIUM
2011-01-01,1649.0,33.0,BANGOR HYDRO DISTRICT,MEDIUM
2010-12-01,1641.0,33.0,BANGOR HYDRO DISTRICT,MEDIUM
2010-11-01,1664.0,33.0,BANGOR HYDRO DISTRICT,MEDIUM
2010-10-01,1702.0,32.0,BANGOR HYDRO DISTRICT,MEDIUM
2010-09-01,1715.0,32.0,BANGOR HYDRO DISTRICT,MEDIUM
2010-08-01,1716.0,32.0,BANGOR HYDRO DISTRICT,MEDIUM
2010-07-01,1716.0,32.0,BANGOR HYDRO DISTRICT,MEDIUM
2010-06-01,1716.0,32.0,BANGOR HYDRO DISTRICT,MEDIUM
2010-05-01,1717.0,32.0,BANGOR HYDRO DISTRICT,MEDIUM
2010-04-01,1662.0,31.0,BANGOR HYDRO DISTRICT,MEDIUM
2010-03-01,1662.0,31.0,BANGOR HYDRO DISTRICT,MEDIUM
2010-02-01,1641.0,32.0,BANGOR HYDRO DISTRICT,MEDIUM
2010-01-01,1700.0,31.0,BANGOR HYDRO DISTRICT,MEDIUM
2009-12-01,1529.0,33.0,BANGOR HYDRO DISTRICT,MEDIUM
2009-11-01,1653.0,35.0,BANGOR HYDRO DISTRICT,MEDIUM
2009-10-01,1687.0,35.0,BANGOR HYDRO DISTRICT,MEDIUM
2009-09-01,1701.0,35.0,BANGOR HYDRO DISTRICT,MEDIUM
2009-08-01,1214.0,35.0,BANGOR HYDRO DISTRICT,MEDIUM
2009-07-01,1700.0,33.0,BANGOR HYDRO DISTRICT,MEDIUM
2009-06-01,1701.0,32.0,BANGOR HYDRO DISTRICT,MEDIUM
2009-05-01,1702.0,31.0,BANGOR HYDRO DISTRICT,MEDIUM
2009-04-01,1683.0,31.0,BANGOR HYDRO DISTRICT,MEDIUM
2009-03-01,1652.0,31.0,BANGOR HYDRO DISTRICT,MEDIUM
2009-02-01,1638.0,31.0,BANGOR HYDRO DISTRICT,MEDIUM
2009-01-01,1621.0,31.0,BANGOR HYDRO DISTRICT,MEDIUM
2008-12-01,1614.0,30.0,BANGOR HYDRO DISTRICT,MEDIUM
2008-11-01,1630.0,29.0,BANGOR HYDRO DISTRICT,MEDIUM
2008-10-01,1685.0,29.0,BANGOR HYDRO DISTRICT,MEDIUM
2008-09-01,1687.0,28.0,BANGOR HYDRO DISTRICT,MEDIUM
2008-08-01,1297.0,28.0,BANGOR HYDRO DISTRICT,MEDIUM
2008-07-01,1684.0,28.0,BANGOR HYDRO DISTRICT,MEDIUM
2008-06-01,1679.0,30.0,BANGOR HYDRO DISTRICT,MEDIUM
2008-05-01,1662.0,30.0,BANGOR HYDRO DISTRICT,MEDIUM
2008-04-01,1624.0,30.0,BANGOR HYDRO DISTRICT,MEDIUM
2008-03-01,1619.0,28.0,BANGOR HYDRO DISTRICT,MEDIUM
2008-02-01,1601.0,28.0,BANGOR HYDRO DISTRICT,MEDIUM
2008-01-01,1574.0,29.0,BANGOR HYDRO DISTRICT,MEDIUM
2007-12-01,1587.0,29.0,BANGOR HYDRO DISTRICT,MEDIUM
2007-11-01,1616.0,28.0,BANGOR HYDRO DISTRICT,MEDIUM
2007-10-01,1623.0,27.0,BANGOR HYDRO DISTRICT,MEDIUM
2007-09-01,1623.0,27.0,BANGOR HYDRO DISTRICT,MEDIUM
2007-08-01,1623.0,26.0,BANGOR HYDRO DISTRICT,MEDIUM
2007-07-01,1620.0,26.0,BANGOR HYDRO DISTRICT,MEDIUM
2007-06-01,1618.0,26.0,BANGOR HYDRO DISTRICT,MEDIUM
2007-05-01,1609.0,26.0,BANGOR HYDRO DISTRICT,MEDIUM
2007-04-01,1565.0,26.0,BANGOR HYDRO DISTRICT,MEDIUM
2007-03-01,1579.0,24.0,BANGOR HYDRO DISTRICT,MEDIUM
2007-02-01,1594.0,24.0,BANGOR HYDRO DISTRICT,MEDIUM
2007-01-01,1609.0,24.0,BANGOR HYDRO DISTRICT,MEDIUM
2006-12-01,1553.0,24.0,BANGOR HYDRO DISTRICT,MEDIUM
2006-11-01,1589.0,25.0,BANGOR HYDRO DISTRICT,MEDIUM
2006-10-01,1597.0,23.0,BANGOR HYDRO DISTRICT,MEDIUM
2006-09-01,1601.0,24.0,BANGOR HYDRO DISTRICT,MEDIUM
2006-08-01,1606.0,24.0,BANGOR HYDRO DISTRICT,MEDIUM
2006-07-01,1607.0,24.0,BANGOR HYDRO DISTRICT,MEDIUM
2006-06-01,1602.0,23.0,BANGOR HYDRO DISTRICT,MEDIUM
2006-05-01,1581.0,22.0,BANGOR HYDRO DISTRICT,MEDIUM
2006-04-01,1546.0,22.0,BANGOR HYDRO DISTRICT,MEDIUM
2006-03-01,1540.0,22.0,BANGOR HYDRO DISTRICT,MEDIUM
2006-02-01,1542.0,22.0,BANGOR HYDRO DISTRICT,MEDIUM
2006-01-01,1541.0,22.0,BANGOR HYDRO DISTRICT,MEDIUM
2005-12-01,,22.0,BANGOR HYDRO DISTRICT,MEDIUM
2005-11-01,,23.0,BANGOR HYDRO DISTRICT,MEDIUM
2005-10-01,,23.0,BANGOR HYDRO DISTRICT,MEDIUM
2005-09-01,,23.0,BANGOR HYDRO DISTRICT,MEDIUM
2005-08-01,,23.0,BANGOR HYDRO DISTRICT,MEDIUM
2005-07-01,,22.0,BANGOR HYDRO DISTRICT,MEDIUM
2005-06-01,,22.0,BANGOR HYDRO DISTRICT,MEDIUM
2005-05-01,,19.0,BANGOR HYDRO DISTRICT,MEDIUM
2005-04-01,,22.0,BANGOR HYDRO DISTRICT,MEDIUM
2005-03-01,,22.0,BANGOR HYDRO DISTRICT,MEDIUM
2005-02-01,,22.0,BANGOR HYDRO DISTRICT,MEDIUM
2005-01-01,,22.0,BANGOR HYDRO DISTRICT,MEDIUM
2004-12-01,,22.0,BANGOR HYDRO DISTRICT,MEDIUM
2004-11-01,,21.0,BANGOR HYDRO DISTRICT,MEDIUM
2004-10-01,,21.0,BANGOR HYDRO DISTRICT,MEDIUM
2004-09-01,,20.0,BANGOR HYDRO DISTRICT,MEDIUM
2004-08-01,,20.0,BANGOR HYDRO DISTRICT,MEDIUM
2004-07-01,,20.0,BANGOR HYDRO DISTRICT,MEDIUM
2004-06-01,,17.0,BANGOR HYDRO DISTRICT,MEDIUM
2004-05-01,,16.0,BANGOR HYDRO DISTRICT,MEDIUM
2004-04-01,,16.0,BANGOR HYDRO DISTRICT,MEDIUM
2004-03-01,,16.0,BANGOR HYDRO DISTRICT,MEDIUM
2004-02-01,,17.0,BANGOR HYDRO DISTRICT,MEDIUM
2004-01-01,,17.0,BANGOR HYDRO DISTRICT,MEDIUM
2003-12-01,,16.0,BANGOR HYDRO DISTRICT,MEDIUM
2003-11-01,,15.0,BANGOR HYDRO DISTRICT,MEDIUM
2003-10-01,,12.0,BANGOR HYDRO DISTRICT,MEDIUM
2003-09-01,,9.0,BANGOR HYDRO DISTRICT,MEDIUM
2003-08-01,,9.0,BANGOR HYDRO DISTRICT,MEDIUM
2003-07-01,,8.0,BANGOR HYDRO DISTRICT,MEDIUM
2003-06-01,,8.0,BANGOR HYDRO DISTRICT,MEDIUM
2003-05-01,,9.0,BANGOR HYDRO DISTRICT,MEDIUM
2003-04-01,,8.0,BANGOR HYDRO DISTRICT,MEDIUM
2003-03-01,,10.0,BANGOR HYDRO DISTRICT,MEDIUM
2003-01-01,,11.0,BANGOR HYDRO DISTRICT,MEDIUM
2002-12-01,,12.0,BANGOR HYDRO DISTRICT,MEDIUM
2002-11-01,,11.0,BANGOR HYDRO DISTRICT,MEDIUM
2002-10-01,,12.0,BANGOR HYDRO DISTRICT,MEDIUM
2002-09-01,,13.0,BANGOR HYDRO DISTRICT,MEDIUM
2002-08-01,,13.0,BANGOR HYDRO DISTRICT,MEDIUM
2002-07-01,,13.0,BANGOR HYDRO DISTRICT,MEDIUM
2002-06-01,,14.0,BANGOR HYDRO DISTRICT,MEDIUM
2002-05-01,,14.0,BANGOR HYDRO DISTRICT,MEDIUM
2002-04-01,,19.0,BANGOR HYDRO DISTRICT,MEDIUM
2002-03-01,,20.0,BANGOR HYDRO DISTRICT,MEDIUM
2002-02-01,,19.0,BANGOR HYDRO DISTRICT,MEDIUM
2002-01-01,,18.0,BANGOR HYDRO DISTRICT,MEDIUM
2001-12-01,,18.0,BANGOR HYDRO DISTRICT,MEDIUM
2001-11-01,,18.0,BANGOR HYDRO DISTRICT,MEDIUM
2001-10-01,,18.0,BANGOR HYDRO DISTRICT,MEDIUM
2001-09-01,,17.0,BANGOR HYDRO DISTRICT,MEDIUM
2001-08-01,,18.0,BANGOR HYDRO DISTRICT,MEDIUM
2001-07-01,,13.0,BANGOR HYDRO DISTRICT,MEDIUM
2001-06-01,,14.0,BANGOR HYDRO DISTRICT,MEDIUM
2001-05-01,,11.0,BANGOR HYDRO DISTRICT,MEDIUM
2001-04-01,,7.0,BANGOR HYDRO DISTRICT,MEDIUM
2001-03-01,,6.0,BANGOR HYDRO DISTRICT,MEDIUM
2001-02-01,,6.0,BANGOR HYDRO DISTRICT,MEDIUM
2001-01-01,,6.0,BANGOR HYDRO DISTRICT,MEDIUM
2000-12-01,,7.0,BANGOR HYDRO DISTRICT,MEDIUM
2000-11-01,,7.0,BANGOR HYDRO DISTRICT,MEDIUM
2000-10-01,,7.0,BANGOR HYDRO DISTRICT,MEDIUM
2000-08-01,,6.0,BANGOR HYDRO DISTRICT,MEDIUM
2023-07-31,74959.0,625370.0,CENTRAL MAINE POWER CO.,SMALL
2023-06-30,75195.0,651384.0,CENTRAL MAINE POWER CO.,SMALL
2023-05-31,71824.0,652394.0,CENTRAL MAINE POWER CO.,SMALL
2023-04-30,60836.0,585226.0,CENTRAL MAINE POWER CO.,SMALL
2023-03-31,66214.0,651450.0,CENTRAL MAINE POWER CO.,SMALL
2023-02-28,61463.0,590424.0,CENTRAL MAINE POWER CO.,SMALL
2023-01-31,69168.0,649765.0,CENTRAL MAINE POWER CO.,SMALL
2022-12-31,70693.0,648730.0,CENTRAL MAINE POWER CO.,SMALL
2022-11-30,68339.0,614347.0,CENTRAL MAINE POWER CO.,SMALL
2022-10-31,69581.0,622849.0,CENTRAL MAINE POWER CO.,SMALL
2022-09-30,72281.0,645448.0,CENTRAL MAINE POWER CO.,SMALL
2022-08-31,72986.0,647967.0,CENTRAL MAINE POWER CO.,SMALL
2022-07-31,69430.0,613252.0,CENTRAL MAINE POWER CO.,SMALL
2022-06-30,74000.0,646281.0,CENTRAL MAINE POWER CO.,SMALL
2022-05-31,74103.0,645315.0,CENTRAL MAINE POWER CO.,SMALL
2022-04-30,69496.0,612216.0,CENTRAL MAINE POWER CO.,SMALL
2022-03-21,72353.0,644574.0,CENTRAL MAINE POWER CO.,SMALL
2022-02-28,64901.0,581513.0,CENTRAL MAINE POWER CO.,SMALL
2022-01-31,72318.0,642755.0,CENTRAL MAINE POWER CO.,SMALL
2021-12-31,73395.0,642554.0,CENTRAL MAINE POWER CO.,SMALL
2021-11-30,70988.0,610135.0,CENTRAL MAINE POWER CO.,SMALL
2021-10-31,72773.0,613816.0,CENTRAL MAINE POWER CO.,SMALL
2021-09-30,76326.0,638163.0,CENTRAL MAINE POWER CO.,SMALL
2021-08-31,77050.0,640157.0,CENTRAL MAINE POWER CO.,SMALL
2021-07-01,76557.0,634265.0,CENTRAL MAINE POWER CO.,SMALL
2021-06-01,77448.0,639779.0,CENTRAL MAINE POWER CO.,SMALL
2021-05-01,73021.0,606736.0,CENTRAL MAINE POWER CO.,SMALL
2021-04-01,76869.0,635123.0,CENTRAL MAINE POWER CO.,SMALL
2021-03-01,77734.0,637515.0,CENTRAL MAINE POWER CO.,SMALL
2021-02-01,73880.0,604060.0,CENTRAL MAINE POWER CO.,SMALL
2021-01-01,75170.0,607584.0,CENTRAL MAINE POWER CO.,SMALL
2020-12-31,79449.0,636140.0,CENTRAL MAINE POWER CO.,SMALL
2020-11-30,72017.0,576405.0,CENTRAL MAINE POWER CO.,SMALL
2020-10-31,79892.0,634229.0,CENTRAL MAINE POWER CO.,SMALL
2020-09-30,79796.0,632090.0,CENTRAL MAINE POWER CO.,SMALL
2020-08-01,80278.0,632080.0,CENTRAL MAINE POWER CO.,SMALL
2020-07-01,80924.0,632589.0,CENTRAL MAINE POWER CO.,SMALL
2020-06-01,80431.0,632300.0,CENTRAL MAINE POWER CO.,SMALL
2020-05-01,76402.0,599442.0,CENTRAL MAINE POWER CO.,SMALL
2020-04-01,80574.0,626864.0,CENTRAL MAINE POWER CO.,SMALL
2020-03-01,81583.0,629513.0,CENTRAL MAINE POWER CO.,SMALL
2020-02-01,74234.0,568172.0,CENTRAL MAINE POWER CO.,SMALL
2020-01-01,82958.0,629451.0,CENTRAL MAINE POWER CO.,SMALL
2019-12-01,84664.0,629116.0,CENTRAL MAINE POWER CO.,SMALL
2019-11-01,77025.0,568945.0,CENTRAL MAINE POWER CO.,SMALL
2019-10-01,85929.0,629437.0,CENTRAL MAINE POWER CO.,SMALL
2019-09-01,81455.0,599620.0,CENTRAL MAINE POWER CO.,SMALL
2019-08-01,88410.0,628105.0,CENTRAL MAINE POWER CO.,SMALL
2019-07-01,89985.0,628549.0,CENTRAL MAINE POWER CO.,SMALL
2019-06-01,83965.0,593937.0,CENTRAL MAINE POWER CO.,SMALL
2019-05-01,90874.0,627032.0,CENTRAL MAINE POWER CO.,SMALL
2019-04-01,86621.0,598943.0,CENTRAL MAINE POWER CO.,SMALL
2019-03-01,91321.0,623499.0,CENTRAL MAINE POWER CO.,SMALL
2019-02-01,86234.0,591052.0,CENTRAL MAINE POWER CO.,SMALL
2019-01-01,93299.0,621227.0,CENTRAL MAINE POWER CO.,SMALL
2018-12-01,92841.0,614772.0,CENTRAL MAINE POWER CO.,SMALL
2018-11-01,91004.0,587388.0,CENTRAL MAINE POWER CO.,SMALL
2018-10-31,98088.0,619231.0,CENTRAL MAINE POWER CO.,SMALL
2018-09-01,94275.0,587539.0,CENTRAL MAINE POWER CO.,SMALL
2018-08-01,100400.0,618200.0,CENTRAL MAINE POWER CO.,SMALL
2018-07-01,100682.0,616756.0,CENTRAL MAINE POWER CO.,SMALL
2018-06-01,100272.0,661867.0,CENTRAL MAINE POWER CO.,SMALL
2018-05-01,100344.0,615764.0,CENTRAL MAINE POWER CO.,SMALL
2018-04-01,99058.0,612836.0,CENTRAL MAINE POWER CO.,SMALL
2018-03-01,102134.0,616893.0,CENTRAL MAINE POWER CO.,SMALL
2018-02-01,97378.0,585680.0,CENTRAL MAINE POWER CO.,SMALL
2018-01-01,117740.0,629563.0,CENTRAL MAINE POWER CO.,SMALL
2017-12-01,101870.0,603613.0,CENTRAL MAINE POWER CO.,SMALL
2017-11-01,105884.0,611383.0,CENTRAL MAINE POWER CO.,SMALL
2017-10-01,106774.0,618999.0,CENTRAL MAINE POWER CO.,SMALL
2017-09-01,108114.0,618642.0,CENTRAL MAINE POWER CO.,SMALL
2017-08-01,108114.0,618642.0,CENTRAL MAINE POWER CO.,SMALL
2017-07-01,111443.0,617656.0,CENTRAL MAINE POWER CO.,SMALL
2017-06-01,112841.0,617285.0,CENTRAL MAINE POWER CO.,SMALL
2017-05-01,113790.0,617203.0,CENTRAL MAINE POWER CO.,SMALL
2017-04-01,112935.0,616382.0,CENTRAL MAINE POWER CO.,SMALL
2017-03-01,115343.0,623710.0,CENTRAL MAINE POWER CO.,SMALL
2017-02-01,102593.0,610759.0,CENTRAL MAINE POWER CO.,SMALL
2017-01-01,119322.0,618196.0,CENTRAL MAINE POWER CO.,SMALL
2016-12-01,122411.0,617900.0,CENTRAL MAINE POWER CO.,SMALL
2016-11-01,116729.0,611495.0,CENTRAL MAINE POWER CO.,SMALL
2016-10-01,123604.0,610794.0,CENTRAL MAINE POWER CO.,SMALL
2016-09-01,119178.0,612929.0,CENTRAL MAINE POWER CO.,SMALL
2016-08-01,147601.0,615682.0,CENTRAL MAINE POWER CO.,SMALL
2016-07-01,118364.0,609285.0,CENTRAL MAINE POWER CO.,SMALL
2016-06-01,120468.0,612200.0,CENTRAL MAINE POWER CO.,SMALL
2016-05-01,126355.0,614318.0,CENTRAL MAINE POWER CO.,SMALL
2016-04-01,119726.0,609480.0,CENTRAL MAINE POWER CO.,SMALL
2016-03-01,127380.0,615044.0,CENTRAL MAINE POWER CO.,SMALL
2016-02-01,120508.0,608751.0,CENTRAL MAINE POWER CO.,SMALL
2016-01-01,127504.0,611067.0,CENTRAL MAINE POWER CO.,SMALL
2015-12-01,132794.0,615910.0,CENTRAL MAINE POWER CO.,SMALL
2015-11-01,119579.0,604397.0,CENTRAL MAINE POWER CO.,SMALL
2015-10-01,131076.0,608898.0,CENTRAL MAINE POWER CO.,SMALL
2015-09-01,132298.0,608754.0,CENTRAL MAINE POWER CO.,SMALL
2015-08-01,132862.0,608018.0,CENTRAL MAINE POWER CO.,SMALL
2015-07-01,134558.0,608168.0,CENTRAL MAINE POWER CO.,SMALL
2015-06-01,137362.0,611459.0,CENTRAL MAINE POWER CO.,SMALL
2015-05-01,130674.0,604585.0,CENTRAL MAINE POWER CO.,SMALL
2015-04-01,139601.0,608138.0,CENTRAL MAINE POWER CO.,SMALL
2015-03-01,148988.0,607444.0,CENTRAL MAINE POWER CO.,SMALL
2015-02-01,149207.0,607605.0,CENTRAL MAINE POWER CO.,SMALL
2015-01-01,152467.0,607531.0,CENTRAL MAINE POWER CO.,SMALL
2014-12-01,159680.0,607151.0,CENTRAL MAINE POWER CO.,SMALL
2014-11-01,163100.0,606515.0,CENTRAL MAINE POWER CO.,SMALL
2014-10-14,166194.0,606259.0,CENTRAL MAINE POWER CO.,SMALL
2014-09-01,169150.0,605513.0,CENTRAL MAINE POWER CO.,SMALL
2014-08-01,174268.0,605197.0,CENTRAL MAINE POWER CO.,SMALL
2014-07-01,175851.0,604935.0,CENTRAL MAINE POWER CO.,SMALL
2014-06-01,177183.0,604626.0,CENTRAL MAINE POWER CO.,SMALL
2014-05-01,177771.0,604282.0,CENTRAL MAINE POWER CO.,SMALL
2014-04-01,177415.0,605017.0,CENTRAL MAINE POWER CO.,SMALL
2014-03-01,177045.0,604557.0,CENTRAL MAINE POWER CO.,SMALL
2014-02-01,178102.0,604889.0,CENTRAL MAINE POWER CO.,SMALL
2014-01-01,192381.0,604428.0,CENTRAL MAINE POWER CO.,SMALL
2013-12-01,194865.0,604589.0,CENTRAL MAINE POWER CO.,SMALL
2013-11-01,194517.0,604290.0,CENTRAL MAINE POWER CO.,SMALL
2013-10-01,195201.0,603765.0,CENTRAL MAINE POWER CO.,SMALL
2013-09-01,195426.0,603319.0,CENTRAL MAINE POWER CO.,SMALL
2013-08-01,196039.0,603288.0,CENTRAL MAINE POWER CO.,SMALL
2013-07-01,198712.0,603825.0,CENTRAL MAINE POWER CO.,SMALL
2013-06-01,203032.0,602398.0,CENTRAL MAINE POWER CO.,SMALL
2013-05-01,202542.0,602396.0,CENTRAL MAINE POWER CO.,SMALL
2013-04-01,199996.0,602861.0,CENTRAL MAINE POWER CO.,SMALL
2013-03-01,186230.0,603124.0,CENTRAL MAINE POWER CO.,SMALL
2013-02-01,181371.0,603006.0,CENTRAL MAINE POWER CO.,SMALL
2013-01-01,181750.0,602991.0,CENTRAL MAINE POWER CO.,SMALL
2012-12-01,176851.0,602578.0,CENTRAL MAINE POWER CO.,SMALL
2012-11-01,167837.0,601977.0,CENTRAL MAINE POWER CO.,SMALL
2012-10-01,173237.0,601626.0,CENTRAL MAINE POWER CO.,SMALL
2012-09-01,163762.0,601434.0,CENTRAL MAINE POWER CO.,SMALL
2012-08-01,156427.0,600929.0,CENTRAL MAINE POWER CO.,SMALL
2012-07-01,149218.0,601028.0,CENTRAL MAINE POWER CO.,SMALL
2012-06-01,141234.0,600877.0,CENTRAL MAINE POWER CO.,SMALL
2012-05-01,132404.0,600226.0,CENTRAL MAINE POWER CO.,SMALL
2012-04-01,100713.0,601165.0,CENTRAL MAINE POWER CO.,SMALL
2012-03-01,76130.0,601477.0,CENTRAL MAINE POWER CO.,SMALL
2012-02-01,36227.0,601227.0,CENTRAL MAINE POWER CO.,SMALL
2012-01-01,28236.0,601108.0,CENTRAL MAINE POWER CO.,SMALL
2011-12-01,28427.0,588738.0,CENTRAL MAINE POWER CO.,SMALL
2011-11-01,18390.0,588002.0,CENTRAL MAINE POWER CO.,SMALL
2011-10-10,15681.0,587808.0,CENTRAL MAINE POWER CO.,SMALL
2011-09-11,14807.0,588019.0,CENTRAL MAINE POWER CO.,SMALL
2011-08-01,14039.0,587985.0,CENTRAL MAINE POWER CO.,SMALL
2011-07-01,13884.0,587844.0,CENTRAL MAINE POWER CO.,SMALL
2011-06-01,13990.0,587631.0,CENTRAL MAINE POWER CO.,SMALL
2011-05-01,14193.0,587862.0,CENTRAL MAINE POWER CO.,SMALL
2011-04-01,14443.0,588687.0,CENTRAL MAINE POWER CO.,SMALL
2011-03-01,14552.0,588601.0,CENTRAL MAINE POWER CO.,SMALL
2011-02-01,14509.0,588507.0,CENTRAL MAINE POWER CO.,SMALL
2011-01-01,14509.0,588387.0,CENTRAL MAINE POWER CO.,SMALL
2010-12-01,14108.0,587576.0,CENTRAL MAINE POWER CO.,SMALL
2010-11-01,14108.0,587576.0,CENTRAL MAINE POWER CO.,SMALL
2010-10-01,14144.0,587121.0,CENTRAL MAINE POWER CO.,SMALL
2010-09-01,14145.0,586832.0,CENTRAL MAINE POWER CO.,SMALL
2010-08-01,13660.0,586455.0,CENTRAL MAINE POWER CO.,SMALL
2010-07-01,12811.0,586387.0,CENTRAL MAINE POWER CO.,SMALL
2010-06-01,12015.0,585852.0,CENTRAL MAINE POWER CO.,SMALL
2010-05-01,12015.0,585788.0,CENTRAL MAINE POWER CO.,SMALL
2010-04-01,11374.0,586652.0,CENTRAL MAINE POWER CO.,SMALL
2010-03-01,11240.0,586699.0,CENTRAL MAINE POWER CO.,SMALL
2010-02-01,10993.0,586602.0,CENTRAL MAINE POWER CO.,SMALL
2010-01-01,10877.0,586284.0,CENTRAL MAINE POWER CO.,SMALL
2009-12-01,7404.0,585955.0,CENTRAL MAINE POWER CO.,SMALL
2009-11-01,5109.0,585282.0,CENTRAL MAINE POWER CO.,SMALL
2009-10-01,5474.0,585286.0,CENTRAL MAINE POWER CO.,SMALL
2009-09-01,4677.0,584357.0,CENTRAL MAINE POWER CO.,SMALL
2009-08-01,4515.0,584209.0,CENTRAL MAINE POWER CO.,SMALL
2009-07-01,4420.0,583832.0,CENTRAL MAINE POWER CO.,SMALL
2009-06-01,4130.0,584593.0,CENTRAL MAINE POWER CO.,SMALL
2009-05-01,3331.0,583692.0,CENTRAL MAINE POWER CO.,SMALL
2009-04-01,3094.0,584664.0,CENTRAL MAINE POWER CO.,SMALL
2009-03-01,2984.0,584554.0,CENTRAL MAINE POWER CO.,SMALL
2009-02-01,2849.0,584515.0,CENTRAL MAINE POWER CO.,SMALL
2009-01-01,2839.0,584300.0,CENTRAL MAINE POWER CO.,SMALL
2008-12-01,2835.0,583967.0,CENTRAL MAINE POWER CO.,SMALL
2008-11-01,2668.0,583658.0,CENTRAL MAINE POWER CO.,SMALL
2008-10-01,2564.0,582862.0,CENTRAL MAINE POWER CO.,SMALL
2008-09-01,2586.0,582887.0,CENTRAL MAINE POWER CO.,SMALL
2008-08-01,2333.0,582414.0,CENTRAL MAINE POWER CO.,SMALL
2008-07-01,2325.0,582512.0,CENTRAL MAINE POWER CO.,SMALL
2008-06-01,2186.0,582654.0,CENTRAL MAINE POWER CO.,SMALL
2008-05-01,2009.0,583380.0,CENTRAL MAINE POWER CO.,SMALL
2008-04-01,2455.0,583247.0,CENTRAL MAINE POWER CO.,SMALL
2008-03-01,2995.0,583133.0,CENTRAL MAINE POWER CO.,SMALL
2008-02-01,2983.0,582756.0,CENTRAL MAINE POWER CO.,SMALL
2008-01-01,2959.0,582408.0,CENTRAL MAINE POWER CO.,SMALL
2007-12-01,2952.0,581797.0,CENTRAL MAINE POWER CO.,SMALL
2007-11-01,2926.0,580687.0,CENTRAL MAINE POWER CO.,SMALL
2007-10-01,2940.0,580331.0,CENTRAL MAINE POWER CO.,SMALL
2007-09-01,2937.0,579969.0,CENTRAL MAINE POWER CO.,SMALL
2007-08-01,2889.0,579397.0,CENTRAL MAINE POWER CO.,SMALL
2007-07-01,2928.0,579074.0,CENTRAL MAINE POWER CO.,SMALL
2007-06-01,2869.0,578768.0,CENTRAL MAINE POWER CO.,SMALL
2007-05-01,2823.0,579417.0,CENTRAL MAINE POWER CO.,SMALL
2007-04-01,2806.0,579412.0,CENTRAL MAINE POWER CO.,SMALL
2007-03-01,2766.0,579188.0,CENTRAL MAINE POWER CO.,SMALL
2007-02-01,2630.0,578719.0,CENTRAL MAINE POWER CO.,SMALL
2007-01-01,2604.0,577801.0,CENTRAL MAINE POWER CO.,SMALL
2006-12-01,2548.0,576878.0,CENTRAL MAINE POWER CO.,SMALL
2006-11-01,2511.0,576113.0,CENTRAL MAINE POWER CO.,SMALL
2006-10-01,2501.0,575301.0,CENTRAL MAINE POWER CO.,SMALL
2006-09-01,2454.0,574728.0,CENTRAL MAINE POWER CO.,SMALL
2006-08-01,2413.0,574000.0,CENTRAL MAINE POWER CO.,SMALL
2006-07-01,2360.0,573700.0,CENTRAL MAINE POWER CO.,SMALL
2006-06-01,2334.0,572928.0,CENTRAL MAINE POWER CO.,SMALL
2006-05-01,2313.0,573157.0,CENTRAL MAINE POWER CO.,SMALL
2006-04-01,2301.0,572824.0,CENTRAL MAINE POWER CO.,SMALL
2006-03-01,2270.0,572165.0,CENTRAL MAINE POWER CO.,SMALL
2006-02-01,2274.0,571461.0,CENTRAL MAINE POWER CO.,SMALL
2006-01-01,2254.0,570590.0,CENTRAL MAINE POWER CO.,SMALL
2005-12-01,2263.0,569399.0,CENTRAL MAINE POWER CO.,SMALL
2005-11-01,2280.0,568308.0,CENTRAL MAINE POWER CO.,SMALL
2005-10-01,2241.0,567629.0,CENTRAL MAINE POWER CO.,SMALL
2005-09-01,2209.0,566927.0,CENTRAL MAINE POWER CO.,SMALL
2005-08-01,2194.0,566080.0,CENTRAL MAINE POWER CO.,SMALL
2005-07-01,1898.0,565671.0,CENTRAL MAINE POWER CO.,SMALL
2005-06-01,1835.0,565211.0,CENTRAL MAINE POWER CO.,SMALL
2005-05-01,1747.0,565334.0,CENTRAL MAINE POWER CO.,SMALL
2005-04-01,1234.0,565044.0,CENTRAL MAINE POWER CO.,SMALL
2005-03-01,1100.0,564608.0,CENTRAL MAINE POWER CO.,SMALL
2005-02-01,2450.0,564333.0,CENTRAL MAINE POWER CO.,SMALL
2005-01-01,2400.0,563345.0,CENTRAL MAINE POWER CO.,SMALL
2004-12-01,2346.0,562096.0,CENTRAL MAINE POWER CO.,SMALL
2004-11-01,2280.0,560599.0,CENTRAL MAINE POWER CO.,SMALL
2004-10-01,2293.0,559461.0,CENTRAL MAINE POWER CO.,SMALL
2004-09-01,2280.0,558881.0,CENTRAL MAINE POWER CO.,SMALL
2004-08-01,2248.0,557894.0,CENTRAL MAINE POWER CO.,SMALL
2004-07-01,2226.0,557109.0,CENTRAL MAINE POWER CO.,SMALL
2004-06-01,2193.0,556507.0,CENTRAL MAINE POWER CO.,SMALL
2004-05-01,2124.0,556488.0,CENTRAL MAINE POWER CO.,SMALL
2004-04-01,2074.0,556025.0,CENTRAL MAINE POWER CO.,SMALL
2004-03-01,2033.0,555516.0,CENTRAL MAINE POWER CO.,SMALL
2004-02-01,1980.0,554956.0,CENTRAL MAINE POWER CO.,SMALL
2004-01-01,1941.0,554181.0,CENTRAL MAINE POWER CO.,SMALL
2003-12-01,1895.0,552839.0,CENTRAL MAINE POWER CO.,SMALL
2003-11-01,1861.0,551959.0,CENTRAL MAINE POWER CO.,SMALL
2003-10-01,1786.0,550726.0,CENTRAL MAINE POWER CO.,SMALL
2003-09-01,1732.0,550141.0,CENTRAL MAINE POWER CO.,SMALL
2003-08-01,1661.0,549236.0,CENTRAL MAINE POWER CO.,SMALL
2003-07-01,1587.0,548403.0,CENTRAL MAINE POWER CO.,SMALL
2003-06-01,1506.0,547962.0,CENTRAL MAINE POWER CO.,SMALL
2003-05-01,740.0,547684.0,CENTRAL MAINE POWER CO.,SMALL
2003-04-01,523.0,547326.0,CENTRAL MAINE POWER CO.,SMALL
2003-03-01,281.0,547054.0,CENTRAL MAINE POWER CO.,SMALL
2003-01-01,113.0,546036.0,CENTRAL MAINE POWER CO.,SMALL
2002-12-01,119.0,545155.0,CENTRAL MAINE POWER CO.,SMALL
2002-11-01,118.0,544285.0,CENTRAL MAINE POWER CO.,SMALL
2002-10-01,118.0,543492.0,CENTRAL MAINE POWER CO.,SMALL
2002-09-01,120.0,543036.0,CENTRAL MAINE POWER CO.,SMALL
2002-08-01,122.0,542286.0,CENTRAL MAINE POWER CO.,SMALL
2002-07-01,123.0,541488.0,CENTRAL MAINE POWER CO.,SMALL
2002-06-01,124.0,540940.0,CENTRAL MAINE POWER CO.,SMALL
2002-05-01,126.0,540527.0,CENTRAL MAINE POWER CO.,SMALL
2002-04-01,133.0,540557.0,CENTRAL MAINE POWER CO.,SMALL
2002-03-01,125.0,539952.0,CENTRAL MAINE POWER CO.,SMALL
2002-02-01,149.0,539343.0,CENTRAL MAINE POWER CO.,SMALL
2002-01-01,163.0,538440.0,CENTRAL MAINE POWER CO.,SMALL
2001-12-01,161.0,537471.0,CENTRAL MAINE POWER CO.,SMALL
2001-11-01,162.0,536310.0,CENTRAL MAINE POWER CO.,SMALL
2001-10-01,170.0,536080.0,CENTRAL MAINE POWER CO.,SMALL
2001-09-01,176.0,535577.0,CENTRAL MAINE POWER CO.,SMALL
2001-08-01,169.0,534050.0,CENTRAL MAINE POWER CO.,SMALL
2001-07-01,161.0,533533.0,CENTRAL MAINE POWER CO.,SMALL
2001-06-01,153.0,532920.0,CENTRAL MAINE POWER CO.,SMALL
2001-05-01,163.0,532729.0,CENTRAL MAINE POWER CO.,SMALL
2001-04-01,163.0,531823.0,CENTRAL MAINE POWER CO.,SMALL
2001-03-01,142.0,531531.0,CENTRAL MAINE POWER CO.,SMALL
2001-02-01,142.0,531202.0,CENTRAL MAINE POWER CO.,SMALL
2001-01-01,137.0,530544.0,CENTRAL MAINE POWER CO.,SMALL
2000-12-01,129.0,529569.0,CENTRAL MAINE POWER CO.,SMALL
2000-11-01,110.0,528144.0,CENTRAL MAINE POWER CO.,SMALL
2000-10-01,102.0,527993.0,CENTRAL MAINE POWER CO.,SMALL
2000-08-01,74.0,526066.0,CENTRAL MAINE POWER CO.,SMALL
2023-07-31,10457.0,314.0,CENTRAL MAINE POWER CO.,MEDIUM
2023-06-30,11077.0,352.0,CENTRAL MAINE POWER CO.,MEDIUM
2023-05-31,11145.0,357.0,CENTRAL MAINE POWER CO.,MEDIUM
2023-04-30,9936.0,312.0,CENTRAL MAINE POWER CO.,MEDIUM
2023-03-31,11220.0,352.0,CENTRAL MAINE POWER CO.,MEDIUM
2023-02-28,10104.0,312.0,CENTRAL MAINE POWER CO.,MEDIUM
2023-01-31,11150.0,336.0,CENTRAL MAINE POWER CO.,MEDIUM
2022-12-31,11131.0,343.0,CENTRAL MAINE POWER CO.,MEDIUM
2022-11-30,10607.0,327.0,CENTRAL MAINE POWER CO.,MEDIUM
2022-10-31,10566.0,333.0,CENTRAL MAINE POWER CO.,MEDIUM
2022-09-30,11090.0,345.0,CENTRAL MAINE POWER CO.,MEDIUM
2022-08-31,11094.0,357.0,CENTRAL MAINE POWER CO.,MEDIUM
2022-07-31,10451.0,316.0,CENTRAL MAINE POWER CO.,MEDIUM
2022-06-30,11063.0,355.0,CENTRAL MAINE POWER CO.,MEDIUM
2022-05-31,11127.0,348.0,CENTRAL MAINE POWER CO.,MEDIUM
2022-04-30,10529.0,302.0,CENTRAL MAINE POWER CO.,MEDIUM
2022-03-21,11112.0,334.0,CENTRAL MAINE POWER CO.,MEDIUM
2022-02-28,10073.0,298.0,CENTRAL MAINE POWER CO.,MEDIUM
2022-01-31,11130.0,354.0,CENTRAL MAINE POWER CO.,MEDIUM
2021-12-31,11136.0,355.0,CENTRAL MAINE POWER CO.,MEDIUM
2021-11-30,10576.0,324.0,CENTRAL MAINE POWER CO.,MEDIUM
2021-10-31,10505.0,323.0,CENTRAL MAINE POWER CO.,MEDIUM
2021-09-30,11118.0,331.0,CENTRAL MAINE POWER CO.,MEDIUM
2021-08-31,11213.0,337.0,CENTRAL MAINE POWER CO.,MEDIUM
2021-07-01,11046.0,324.0,CENTRAL MAINE POWER CO.,MEDIUM
2021-06-01,11174.0,337.0,CENTRAL MAINE POWER CO.,MEDIUM
2021-05-01,10506.0,305.0,CENTRAL MAINE POWER CO.,MEDIUM
2021-04-01,11074.0,326.0,CENTRAL MAINE POWER CO.,MEDIUM
2021-03-01,11244.0,339.0,CENTRAL MAINE POWER CO.,MEDIUM
2021-02-01,10549.0,293.0,CENTRAL MAINE POWER CO.,MEDIUM
2021-01-01,10734.0,302.0,CENTRAL MAINE POWER CO.,MEDIUM
2020-12-31,11253.0,334.0,CENTRAL MAINE POWER CO.,MEDIUM
2020-11-30,10029.0,288.0,CENTRAL MAINE POWER CO.,MEDIUM
2020-10-31,11192.0,338.0,CENTRAL MAINE POWER CO.,MEDIUM
2020-09-30,11146.0,341.0,CENTRAL MAINE POWER CO.,MEDIUM
2020-08-01,11315.0,334.0,CENTRAL MAINE POWER CO.,MEDIUM
2020-07-01,11378.0,326.0,CENTRAL MAINE POWER CO.,MEDIUM
2020-06-01,11361.0,348.0,CENTRAL MAINE POWER CO.,MEDIUM
2020-05-01,10701.0,319.0,CENTRAL MAINE POWER CO.,MEDIUM
2020-04-01,11325.0,341.0,CENTRAL MAINE POWER CO.,MEDIUM
2020-03-01,11416.0,354.0,CENTRAL MAINE POWER CO.,MEDIUM
2020-02-01,10239.0,310.0,CENTRAL MAINE POWER CO.,MEDIUM
2020-01-01,11431.0,355.0,CENTRAL MAINE POWER CO.,MEDIUM
2019-12-01,11400.0,351.0,CENTRAL MAINE POWER CO.,MEDIUM
2019-11-01,10188.0,298.0,CENTRAL MAINE POWER CO.,MEDIUM
2019-10-01,11455.0,358.0,CENTRAL MAINE POWER CO.,MEDIUM
2019-09-01,10815.0,316.0,CENTRAL MAINE POWER CO.,MEDIUM
2019-08-01,11375.0,358.0,CENTRAL MAINE POWER CO.,MEDIUM
2019-07-01,11421.0,357.0,CENTRAL MAINE POWER CO.,MEDIUM
2019-06-01,10791.0,311.0,CENTRAL MAINE POWER CO.,MEDIUM
2019-05-01,11437.0,354.0,CENTRAL MAINE POWER CO.,MEDIUM
2019-04-01,11229.0,350.0,CENTRAL MAINE POWER CO.,MEDIUM
2019-03-01,11590.0,355.0,CENTRAL MAINE POWER CO.,MEDIUM
2019-02-01,10805.0,296.0,CENTRAL MAINE POWER CO.,MEDIUM
2019-01-01,11649.0,347.0,CENTRAL MAINE POWER CO.,MEDIUM
2018-12-01,10959.0,321.0,CENTRAL MAINE POWER CO.,MEDIUM
2018-11-01,10363.0,328.0,CENTRAL MAINE POWER CO.,MEDIUM
2018-10-31,11321.0,350.0,CENTRAL MAINE POWER CO.,MEDIUM
2018-09-01,10374.0,312.0,CENTRAL MAINE POWER CO.,MEDIUM
2018-08-01,10970.0,363.0,CENTRAL MAINE POWER CO.,MEDIUM
2018-07-01,10904.0,303.0,CENTRAL MAINE POWER CO.,MEDIUM
2018-06-01,10772.0,307.0,CENTRAL MAINE POWER CO.,MEDIUM
2018-05-01,11005.0,322.0,CENTRAL MAINE POWER CO.,MEDIUM
2018-04-01,11036.0,330.0,CENTRAL MAINE POWER CO.,MEDIUM
2018-03-01,11297.0,334.0,CENTRAL MAINE POWER CO.,MEDIUM
2018-02-01,10601.0,285.0,CENTRAL MAINE POWER CO.,MEDIUM
2018-01-01,11091.0,300.0,CENTRAL MAINE POWER CO.,MEDIUM
2017-12-01,9782.0,284.0,CENTRAL MAINE POWER CO.,MEDIUM
2017-11-01,10348.0,256.0,CENTRAL MAINE POWER CO.,MEDIUM
2017-10-01,11579.0,365.0,CENTRAL MAINE POWER CO.,MEDIUM
2017-09-01,11500.0,358.0,CENTRAL MAINE POWER CO.,MEDIUM
2017-08-01,11500.0,358.0,CENTRAL MAINE POWER CO.,MEDIUM
2017-07-01,11559.0,349.0,CENTRAL MAINE POWER CO.,MEDIUM
2017-06-01,11571.0,353.0,CENTRAL MAINE POWER CO.,MEDIUM
2017-05-01,11913.0,363.0,CENTRAL MAINE POWER CO.,MEDIUM
2017-04-01,11187.0,341.0,CENTRAL MAINE POWER CO.,MEDIUM
2017-03-01,12769.0,419.0,CENTRAL MAINE POWER CO.,MEDIUM
2017-02-01,10319.0,297.0,CENTRAL MAINE POWER CO.,MEDIUM
2017-01-01,12135.0,373.0,CENTRAL MAINE POWER CO.,MEDIUM
2016-12-01,12130.0,374.0,CENTRAL MAINE POWER CO.,MEDIUM
2016-11-01,11048.0,337.0,CENTRAL MAINE POWER CO.,MEDIUM
2016-10-01,10931.0,318.0,CENTRAL MAINE POWER CO.,MEDIUM
2016-09-01,11454.0,354.0,CENTRAL MAINE POWER CO.,MEDIUM
2016-08-01,12178.0,390.0,CENTRAL MAINE POWER CO.,MEDIUM
2016-07-01,10866.0,321.0,CENTRAL MAINE POWER CO.,MEDIUM
2016-06-01,11545.0,370.0,CENTRAL MAINE POWER CO.,MEDIUM
2016-05-01,12117.0,383.0,CENTRAL MAINE POWER CO.,MEDIUM
2016-04-01,10953.0,317.0,CENTRAL MAINE POWER CO.,MEDIUM
2016-03-01,12168.0,392.0,CENTRAL MAINE POWER CO.,MEDIUM
2016-02-01,10962.0,329.0,CENTRAL MAINE POWER CO.,MEDIUM
2016-01-01,11632.0,354.0,CENTRAL MAINE POWER CO.,MEDIUM
2015-12-01,12677.0,403.0,CENTRAL MAINE POWER CO.,MEDIUM
2015-11-01,10410.0,298.0,CENTRAL MAINE POWER CO.,MEDIUM
2015-10-01,11573.0,358.0,CENTRAL MAINE POWER CO.,MEDIUM
2015-09-01,11573.0,360.0,CENTRAL MAINE POWER CO.,MEDIUM
2015-08-01,11594.0,360.0,CENTRAL MAINE POWER CO.,MEDIUM
2015-07-01,11623.0,354.0,CENTRAL MAINE POWER CO.,MEDIUM
2015-06-01,12213.0,395.0,CENTRAL MAINE POWER CO.,MEDIUM
2015-05-01,11020.0,331.0,CENTRAL MAINE POWER CO.,MEDIUM
2015-04-01,11701.0,357.0,CENTRAL MAINE POWER CO.,MEDIUM
2015-03-01,12030.0,348.0,CENTRAL MAINE POWER CO.,MEDIUM
2015-02-01,12030.0,358.0,CENTRAL MAINE POWER CO.,MEDIUM
2015-01-01,12061.0,351.0,CENTRAL MAINE POWER CO.,MEDIUM
2014-12-01,12299.0,346.0,CENTRAL MAINE POWER CO.,MEDIUM
2014-11-01,12410.0,344.0,CENTRAL MAINE POWER CO.,MEDIUM
2014-10-14,12515.0,350.0,CENTRAL MAINE POWER CO.,MEDIUM
2014-09-01,12568.0,348.0,CENTRAL MAINE POWER CO.,MEDIUM
2014-08-01,12646.0,350.0,CENTRAL MAINE POWER CO.,MEDIUM
2014-07-01,12485.0,350.0,CENTRAL MAINE POWER CO.,MEDIUM
2014-06-01,12547.0,349.0,CENTRAL MAINE POWER CO.,MEDIUM
2014-05-01,12442.0,350.0,CENTRAL MAINE POWER CO.,MEDIUM
2014-04-01,12452.0,349.0,CENTRAL MAINE POWER CO.,MEDIUM
2014-03-01,12410.0,352.0,CENTRAL MAINE POWER CO.,MEDIUM
2014-02-01,12386.0,350.0,CENTRAL MAINE POWER CO.,MEDIUM
2014-01-01,12447.0,346.0,CENTRAL MAINE POWER CO.,MEDIUM
2013-12-01,12233.0,341.0,CENTRAL MAINE POWER CO.,MEDIUM
2013-11-01,12256.0,350.0,CENTRAL MAINE POWER CO.,MEDIUM
2013-10-01,12276.0,350.0,CENTRAL MAINE POWER CO.,MEDIUM
2013-09-01,12197.0,351.0,CENTRAL MAINE POWER CO.,MEDIUM
2013-08-01,12089.0,351.0,CENTRAL MAINE POWER CO.,MEDIUM
2013-07-01,12091.0,360.0,CENTRAL MAINE POWER CO.,MEDIUM
2013-06-01,11998.0,362.0,CENTRAL MAINE POWER CO.,MEDIUM
2013-05-01,11969.0,363.0,CENTRAL MAINE POWER CO.,MEDIUM
2013-04-01,12004.0,364.0,CENTRAL MAINE POWER CO.,MEDIUM
2013-03-01,11969.0,364.0,CENTRAL MAINE POWER CO.,MEDIUM
2013-02-01,12002.0,363.0,CENTRAL MAINE POWER CO.,MEDIUM
2013-01-01,12083.0,358.0,CENTRAL MAINE POWER CO.,MEDIUM
2012-12-01,12053.0,359.0,CENTRAL MAINE POWER CO.,MEDIUM
2012-11-01,12443.0,362.0,CENTRAL MAINE POWER CO.,MEDIUM
2012-10-01,12052.0,364.0,CENTRAL MAINE POWER CO.,MEDIUM
2012-09-01,12112.0,368.0,CENTRAL MAINE POWER CO.,MEDIUM
2012-08-01,12038.0,364.0,CENTRAL MAINE POWER CO.,MEDIUM
2012-07-01,12036.0,366.0,CENTRAL MAINE POWER CO.,MEDIUM
2012-06-01,12061.0,372.0,CENTRAL MAINE POWER CO.,MEDIUM
2012-05-01,12049.0,376.0,CENTRAL MAINE POWER CO.,MEDIUM
2012-04-01,12016.0,376.0,CENTRAL MAINE POWER CO.,MEDIUM
2012-03-01,11945.0,376.0,CENTRAL MAINE POWER CO.,MEDIUM
2012-02-01,11927.0,376.0,CENTRAL MAINE POWER CO.,MEDIUM
2012-01-01,11933.0,371.0,CENTRAL MAINE POWER CO.,MEDIUM
2011-12-01,11704.0,341.0,CENTRAL MAINE POWER CO.,MEDIUM
2011-11-01,11711.0,335.0,CENTRAL MAINE POWER CO.,MEDIUM
2011-10-10,11667.0,335.0,CENTRAL MAINE POWER CO.,MEDIUM
2011-09-11,11650.0,333.0,CENTRAL MAINE POWER CO.,MEDIUM
2011-08-01,11659.0,334.0,CENTRAL MAINE POWER CO.,MEDIUM
2011-07-01,11672.0,333.0,CENTRAL MAINE POWER CO.,MEDIUM
2011-06-01,11661.0,333.0,CENTRAL MAINE POWER CO.,MEDIUM
2011-05-01,11584.0,333.0,CENTRAL MAINE POWER CO.,MEDIUM
2011-04-01,11573.0,328.0,CENTRAL MAINE POWER CO.,MEDIUM
2011-03-01,11583.0,326.0,CENTRAL MAINE POWER CO.,MEDIUM
2011-02-01,11557.0,322.0,CENTRAL MAINE POWER CO.,MEDIUM
2011-01-01,11562.0,324.0,CENTRAL MAINE POWER CO.,MEDIUM
2010-12-01,11510.0,302.0,CENTRAL MAINE POWER CO.,MEDIUM
2010-11-01,11510.0,302.0,CENTRAL MAINE POWER CO.,MEDIUM
2010-10-01,11450.0,302.0,CENTRAL MAINE POWER CO.,MEDIUM
2010-09-01,11380.0,298.0,CENTRAL MAINE POWER CO.,MEDIUM
2010-08-01,11364.0,301.0,CENTRAL MAINE POWER CO.,MEDIUM
2010-07-01,11373.0,301.0,CENTRAL MAINE POWER CO.,MEDIUM
2010-06-01,11331.0,301.0,CENTRAL MAINE POWER CO.,MEDIUM
2010-05-01,11352.0,301.0,CENTRAL MAINE POWER CO.,MEDIUM
2010-04-01,11275.0,301.0,CENTRAL MAINE POWER CO.,MEDIUM
2010-03-01,10879.0,301.0,CENTRAL MAINE POWER CO.,MEDIUM
2010-02-01,10879.0,300.0,CENTRAL MAINE POWER CO.,MEDIUM
2010-01-01,10899.0,300.0,CENTRAL MAINE POWER CO.,MEDIUM
2009-12-01,10921.0,296.0,CENTRAL MAINE POWER CO.,MEDIUM
2009-11-01,10934.0,301.0,CENTRAL MAINE POWER CO.,MEDIUM
2009-10-01,11039.0,305.0,CENTRAL MAINE POWER CO.,MEDIUM
2009-09-01,10964.0,304.0,CENTRAL MAINE POWER CO.,MEDIUM
2009-08-01,11021.0,297.0,CENTRAL MAINE POWER CO.,MEDIUM
2009-07-01,11086.0,297.0,CENTRAL MAINE POWER CO.,MEDIUM
2009-06-01,11080.0,302.0,CENTRAL MAINE POWER CO.,MEDIUM
2009-05-01,11135.0,301.0,CENTRAL MAINE POWER CO.,MEDIUM
2009-04-01,11131.0,298.0,CENTRAL MAINE POWER CO.,MEDIUM
2009-03-01,11095.0,295.0,CENTRAL MAINE POWER CO.,MEDIUM
2009-02-01,11109.0,296.0,CENTRAL MAINE POWER CO.,MEDIUM
2009-01-01,11104.0,292.0,CENTRAL MAINE POWER CO.,MEDIUM
2008-12-01,11134.0,292.0,CENTRAL MAINE POWER CO.,MEDIUM
2008-11-01,11232.0,306.0,CENTRAL MAINE POWER CO.,MEDIUM
2008-10-01,11401.0,305.0,CENTRAL MAINE POWER CO.,MEDIUM
2008-09-01,11358.0,305.0,CENTRAL MAINE POWER CO.,MEDIUM
2008-08-01,11346.0,305.0,CENTRAL MAINE POWER CO.,MEDIUM
2008-07-01,11335.0,305.0,CENTRAL MAINE POWER CO.,MEDIUM
2008-06-01,11328.0,308.0,CENTRAL MAINE POWER CO.,MEDIUM
2008-05-01,11317.0,311.0,CENTRAL MAINE POWER CO.,MEDIUM
2008-04-01,11334.0,311.0,CENTRAL MAINE POWER CO.,MEDIUM
2008-03-01,11333.0,310.0,CENTRAL MAINE POWER CO.,MEDIUM
2008-02-01,11300.0,318.0,CENTRAL MAINE POWER CO.,MEDIUM
2008-01-01,11315.0,318.0,CENTRAL MAINE POWER CO.,MEDIUM
2007-12-01,11369.0,330.0,CENTRAL MAINE POWER CO.,MEDIUM
2007-11-01,11355.0,332.0,CENTRAL MAINE POWER CO.,MEDIUM
2007-10-01,11344.0,335.0,CENTRAL MAINE POWER CO.,MEDIUM
2007-09-01,11368.0,333.0,CENTRAL MAINE POWER CO.,MEDIUM
2007-08-01,11317.0,334.0,CENTRAL MAINE POWER CO.,MEDIUM
2007-07-01,11303.0,335.0,CENTRAL MAINE POWER CO.,MEDIUM
2007-06-01,11276.0,337.0,CENTRAL MAINE POWER CO.,MEDIUM
2007-05-01,11278.0,342.0,CENTRAL MAINE POWER CO.,MEDIUM
2007-04-01,11226.0,341.0,CENTRAL MAINE POWER CO.,MEDIUM
2007-03-01,11210.0,344.0,CENTRAL MAINE POWER CO.,MEDIUM
2007-02-01,11226.0,346.0,CENTRAL MAINE POWER CO.,MEDIUM
2007-01-01,11222.0,346.0,CENTRAL MAINE POWER CO.,MEDIUM
2006-12-01,11237.0,357.0,CENTRAL MAINE POWER CO.,MEDIUM
2006-11-01,11283.0,355.0,CENTRAL MAINE POWER CO.,MEDIUM
2006-10-01,11310.0,351.0,CENTRAL MAINE POWER CO.,MEDIUM
2006-09-01,11283.0,347.0,CENTRAL MAINE POWER CO.,MEDIUM
2006-08-01,11246.0,350.0,CENTRAL MAINE POWER CO.,MEDIUM
2006-07-01,11222.0,334.0,CENTRAL MAINE POWER CO.,MEDIUM
2006-06-01,11179.0,328.0,CENTRAL MAINE POWER CO.,MEDIUM
2006-05-01,11211.0,322.0,CENTRAL MAINE POWER CO.,MEDIUM
2006-04-01,11207.0,313.0,CENTRAL MAINE POWER CO.,MEDIUM
2006-03-01,11254.0,293.0,CENTRAL MAINE POWER CO.,MEDIUM
2006-02-01,11234.0,299.0,CENTRAL MAINE POWER CO.,MEDIUM
2006-01-01,11220.0,295.0,CENTRAL MAINE POWER CO.,MEDIUM
2005-12-01,11187.0,305.0,CENTRAL MAINE POWER CO.,MEDIUM
2005-11-01,11149.0,311.0,CENTRAL MAINE POWER CO.,MEDIUM
2005-10-01,11132.0,313.0,CENTRAL MAINE POWER CO.,MEDIUM
2005-09-01,10948.0,315.0,CENTRAL MAINE POWER CO.,MEDIUM
2005-08-01,10912.0,310.0,CENTRAL MAINE POWER CO.,MEDIUM
2005-07-01,10879.0,310.0,CENTRAL MAINE POWER CO.,MEDIUM
2005-06-01,10863.0,306.0,CENTRAL MAINE POWER CO.,MEDIUM
2005-05-01,10862.0,309.0,CENTRAL MAINE POWER CO.,MEDIUM
2005-04-01,10917.0,311.0,CENTRAL MAINE POWER CO.,MEDIUM
2005-03-01,10933.0,308.0,CENTRAL MAINE POWER CO.,MEDIUM
2005-02-01,10959.0,306.0,CENTRAL MAINE POWER CO.,MEDIUM
2005-01-01,10959.0,303.0,CENTRAL MAINE POWER CO.,MEDIUM
2004-12-01,10941.0,299.0,CENTRAL MAINE POWER CO.,MEDIUM
2004-11-01,11022.0,303.0,CENTRAL MAINE POWER CO.,MEDIUM
2004-10-01,11070.0,262.0,CENTRAL MAINE POWER CO.,MEDIUM
2004-09-01,10968.0,253.0,CENTRAL MAINE POWER CO.,MEDIUM
2004-08-01,10987.0,248.0,CENTRAL MAINE POWER CO.,MEDIUM
2004-07-01,10964.0,248.0,CENTRAL MAINE POWER CO.,MEDIUM
2004-06-01,10898.0,248.0,CENTRAL MAINE POWER CO.,MEDIUM
2004-05-01,10924.0,248.0,CENTRAL MAINE POWER CO.,MEDIUM
2004-04-01,10896.0,249.0,CENTRAL MAINE POWER CO.,MEDIUM
2004-03-01,10874.0,250.0,CENTRAL MAINE POWER CO.,MEDIUM
2004-02-01,10816.0,251.0,CENTRAL MAINE POWER CO.,MEDIUM
2004-01-01,10799.0,253.0,CENTRAL MAINE POWER CO.,MEDIUM
2003-12-01,10815.0,246.0,CENTRAL MAINE POWER CO.,MEDIUM
2003-11-01,10819.0,241.0,CENTRAL MAINE POWER CO.,MEDIUM
2003-10-01,10987.0,232.0,CENTRAL MAINE POWER CO.,MEDIUM
2003-09-01,10913.0,200.0,CENTRAL MAINE POWER CO.,MEDIUM
2003-08-01,10890.0,199.0,CENTRAL MAINE POWER CO.,MEDIUM
2003-07-01,10879.0,193.0,CENTRAL MAINE POWER CO.,MEDIUM
2003-06-01,10854.0,183.0,CENTRAL MAINE POWER CO.,MEDIUM
2003-05-01,10860.0,180.0,CENTRAL MAINE POWER CO.,MEDIUM
2003-04-01,10836.0,175.0,CENTRAL MAINE POWER CO.,MEDIUM
2003-03-01,10810.0,175.0,CENTRAL MAINE POWER CO.,MEDIUM
2003-01-01,10808.0,176.0,CENTRAL MAINE POWER CO.,MEDIUM
2002-12-01,10799.0,172.0,CENTRAL MAINE POWER CO.,MEDIUM
2002-11-01,10682.0,169.0,CENTRAL MAINE POWER CO.,MEDIUM
2002-10-01,10628.0,175.0,CENTRAL MAINE POWER CO.,MEDIUM
2002-09-01,10504.0,186.0,CENTRAL MAINE POWER CO.,MEDIUM
2002-08-01,10499.0,193.0,CENTRAL MAINE POWER CO.,MEDIUM
2002-07-01,10468.0,197.0,CENTRAL MAINE POWER CO.,MEDIUM
2002-06-01,10407.0,198.0,CENTRAL MAINE POWER CO.,MEDIUM
2002-05-01,10330.0,212.0,CENTRAL MAINE POWER CO.,MEDIUM
2002-04-01,9902.0,256.0,CENTRAL MAINE POWER CO.,MEDIUM
2002-03-01,9767.0,256.0,CENTRAL MAINE POWER CO.,MEDIUM
2002-02-01,9700.0,249.0,CENTRAL MAINE POWER CO.,MEDIUM
2002-01-01,9737.0,245.0,CENTRAL MAINE POWER CO.,MEDIUM
2001-12-01,9780.0,238.0,CENTRAL MAINE POWER CO.,MEDIUM
2001-11-01,9817.0,231.0,CENTRAL MAINE POWER CO.,MEDIUM
2001-10-01,9782.0,229.0,CENTRAL MAINE POWER CO.,MEDIUM
2001-09-01,9761.0,213.0,CENTRAL MAINE POWER CO.,MEDIUM
2001-08-01,9736.0,200.0,CENTRAL MAINE POWER CO.,MEDIUM
2001-07-01,9822.0,185.0,CENTRAL MAINE POWER CO.,MEDIUM
2001-06-01,9999.0,180.0,CENTRAL MAINE POWER CO.,MEDIUM
2001-05-01,10025.0,165.0,CENTRAL MAINE POWER CO.,MEDIUM
2001-04-01,10686.0,164.0,CENTRAL MAINE POWER CO.,MEDIUM
2001-03-01,10716.0,122.0,CENTRAL MAINE POWER CO.,MEDIUM
2001-02-01,10742.0,119.0,CENTRAL MAINE POWER CO.,MEDIUM
2001-01-01,10731.0,118.0,CENTRAL MAINE POWER CO.,MEDIUM
2000-12-01,10719.0,126.0,CENTRAL MAINE POWER CO.,MEDIUM
2000-11-01,10780.0,121.0,CENTRAL MAINE POWER CO.,MEDIUM
2000-10-01,10896.0,118.0,CENTRAL MAINE POWER CO.,MEDIUM
2000-08-01,11143.0,98.0,CENTRAL MAINE POWER CO.,MEDIUM
2023-07-31,324.0,36238.0,MAINE PUBLIC SERVICE,SMALL
2023-06-30,350.0,36222.0,MAINE PUBLIC SERVICE,SMALL
2023-05-31,351.0,36228.0,MAINE PUBLIC SERVICE,SMALL
2023-04-30,321.0,36160.0,MAINE PUBLIC SERVICE,SMALL
2023-03-31,322.0,36140.0,MAINE PUBLIC SERVICE,SMALL
2023-02-28,335.0,36137.0,MAINE PUBLIC SERVICE,SMALL
2023-01-31,343.0,36149.0,MAINE PUBLIC SERVICE,SMALL
2022-12-31,261.0,36115.0,MAINE PUBLIC SERVICE,SMALL
2022-11-30,267.0,36137.0,MAINE PUBLIC SERVICE,SMALL
2022-10-31,271.0,36104.0,MAINE PUBLIC SERVICE,SMALL
2022-09-30,295.0,36176.0,MAINE PUBLIC SERVICE,SMALL
2022-08-31,274.0,33757.0,MAINE PUBLIC SERVICE,SMALL
2022-07-31,276.0,34105.0,MAINE PUBLIC SERVICE,SMALL
2022-06-30,446.0,37764.0,MAINE PUBLIC SERVICE,SMALL
2022-05-31,479.0,37708.0,MAINE PUBLIC SERVICE,SMALL
2022-04-30,456.0,37630.0,MAINE PUBLIC SERVICE,SMALL
2022-03-21,456.0,37644.0,MAINE PUBLIC SERVICE,SMALL
2022-02-28,459.0,37625.0,MAINE PUBLIC SERVICE,SMALL
2022-01-31,459.0,37599.0,MAINE PUBLIC SERVICE,SMALL
2021-12-31,459.0,38036.0,MAINE PUBLIC SERVICE,SMALL
2021-11-30,459.0,38082.0,MAINE PUBLIC SERVICE,SMALL
2021-10-31,461.0,38051.0,MAINE PUBLIC SERVICE,SMALL
2021-09-30,457.0,38076.0,MAINE PUBLIC SERVICE,SMALL
2021-08-31,441.0,38056.0,MAINE PUBLIC SERVICE,SMALL
2021-07-01,371.0,37334.0,MAINE PUBLIC SERVICE,SMALL
2021-06-01,352.0,35987.0,MAINE PUBLIC SERVICE,SMALL
2021-05-01,352.0,35937.0,MAINE PUBLIC SERVICE,SMALL
2021-04-01,354.0,35841.0,MAINE PUBLIC SERVICE,SMALL
2021-03-01,373.0,37131.0,MAINE PUBLIC SERVICE,SMALL
2021-02-01,373.0,37112.0,MAINE PUBLIC SERVICE,SMALL
2021-01-01,372.0,37137.0,MAINE PUBLIC SERVICE,SMALL
2020-12-31,356.0,35856.0,MAINE PUBLIC SERVICE,SMALL
2020-11-30,373.0,37131.0,MAINE PUBLIC SERVICE,SMALL
2020-10-31,376.0,37168.0,MAINE PUBLIC SERVICE,SMALL
2020-09-30,342.0,35819.0,MAINE PUBLIC SERVICE,SMALL
2020-08-01,361.0,35850.0,MAINE PUBLIC SERVICE,SMALL
2020-07-01,381.0,36064.0,MAINE PUBLIC SERVICE,SMALL
2020-06-01,357.0,35763.0,MAINE PUBLIC SERVICE,SMALL
2020-05-01,382.0,36953.0,MAINE PUBLIC SERVICE,SMALL
2020-04-01,384.0,36883.0,MAINE PUBLIC SERVICE,SMALL
2020-03-01,394.0,35632.0,MAINE PUBLIC SERVICE,SMALL
2020-02-01,393.0,35629.0,MAINE PUBLIC SERVICE,SMALL
2020-01-01,397.0,35635.0,MAINE PUBLIC SERVICE,SMALL
2019-12-01,397.0,35673.0,MAINE PUBLIC SERVICE,SMALL
2019-11-01,398.0,36922.0,MAINE PUBLIC SERVICE,SMALL
2019-10-01,399.0,36955.0,MAINE PUBLIC SERVICE,SMALL
2019-09-01,391.0,35776.0,MAINE PUBLIC SERVICE,SMALL
2019-08-01,389.0,35783.0,MAINE PUBLIC SERVICE,SMALL
2019-07-01,391.0,36969.0,MAINE PUBLIC SERVICE,SMALL
2019-06-01,393.0,37001.0,MAINE PUBLIC SERVICE,SMALL
2019-05-01,389.0,36995.0,MAINE PUBLIC SERVICE,SMALL
2019-04-01,394.0,36894.0,MAINE PUBLIC SERVICE,SMALL
2019-03-01,393.0,36892.0,MAINE PUBLIC SERVICE,SMALL
2019-02-01,386.0,36918.0,MAINE PUBLIC SERVICE,SMALL
2019-01-01,368.0,36935.0,MAINE PUBLIC SERVICE,SMALL
2018-12-01,369.0,36934.0,MAINE PUBLIC SERVICE,SMALL
2018-11-01,370.0,36980.0,MAINE PUBLIC SERVICE,SMALL
2018-10-31,371.0,37087.0,MAINE PUBLIC SERVICE,SMALL
2018-09-01,372.0,37091.0,MAINE PUBLIC SERVICE,SMALL
2018-08-01,372.0,37080.0,MAINE PUBLIC SERVICE,SMALL
2018-07-01,373.0,37041.0,MAINE PUBLIC SERVICE,SMALL
2018-06-01,417.0,37079.0,MAINE PUBLIC SERVICE,SMALL
2018-05-01,415.0,37108.0,MAINE PUBLIC SERVICE,SMALL
2018-04-01,415.0,37028.0,MAINE PUBLIC SERVICE,SMALL
2018-03-01,415.0,37041.0,MAINE PUBLIC SERVICE,SMALL
2018-02-01,415.0,37059.0,MAINE PUBLIC SERVICE,SMALL
2018-01-01,416.0,37054.0,MAINE PUBLIC SERVICE,SMALL
2017-12-01,419.0,37074.0,MAINE PUBLIC SERVICE,SMALL
2017-11-01,414.0,37088.0,MAINE PUBLIC SERVICE,SMALL
2017-10-01,412.0,37117.0,MAINE PUBLIC SERVICE,SMALL
2017-09-01,414.0,37190.0,MAINE PUBLIC SERVICE,SMALL
2017-08-01,414.0,37088.0,MAINE PUBLIC SERVICE,SMALL
2017-07-01,414.0,37111.0,MAINE PUBLIC SERVICE,SMALL
2017-06-01,417.0,37086.0,MAINE PUBLIC SERVICE,SMALL
2017-05-01,419.0,37036.0,MAINE PUBLIC SERVICE,SMALL
2017-04-01,420.0,36961.0,MAINE PUBLIC SERVICE,SMALL
2017-03-01,418.0,36962.0,MAINE PUBLIC SERVICE,SMALL
2017-02-01,423.0,36967.0,MAINE PUBLIC SERVICE,SMALL
2017-01-01,423.0,36970.0,MAINE PUBLIC SERVICE,SMALL
2016-12-01,470.0,37525.0,MAINE PUBLIC SERVICE,SMALL
2016-11-01,474.0,37603.0,MAINE PUBLIC SERVICE,SMALL
2016-10-01,430.0,38443.0,MAINE PUBLIC SERVICE,SMALL
2016-09-01,430.0,36919.0,MAINE PUBLIC SERVICE,SMALL
2016-08-01,481.0,37781.0,MAINE PUBLIC SERVICE,SMALL
2016-07-01,253.0,35526.0,MAINE PUBLIC SERVICE,SMALL
2016-06-01,249.0,37056.0,MAINE PUBLIC SERVICE,SMALL
2016-05-01,294.0,37700.0,MAINE PUBLIC SERVICE,SMALL
2016-04-01,251.0,35754.0,MAINE PUBLIC SERVICE,SMALL
2016-03-01,251.0,35768.0,MAINE PUBLIC SERVICE,SMALL
2016-02-01,253.0,35776.0,MAINE PUBLIC SERVICE,SMALL
2016-01-01,253.0,35779.0,MAINE PUBLIC SERVICE,SMALL
2015-12-01,252.0,35795.0,MAINE PUBLIC SERVICE,SMALL
2015-11-01,233.0,35828.0,MAINE PUBLIC SERVICE,SMALL
2015-10-01,170.0,35911.0,MAINE PUBLIC SERVICE,SMALL
2015-09-01,78.0,35919.0,MAINE PUBLIC SERVICE,SMALL
2015-08-01,38.0,35902.0,MAINE PUBLIC SERVICE,SMALL
2015-07-01,38.0,35884.0,MAINE PUBLIC SERVICE,SMALL
2015-06-01,38.0,35884.0,MAINE PUBLIC SERVICE,SMALL
2015-05-01,38.0,35872.0,MAINE PUBLIC SERVICE,SMALL
2015-04-01,38.0,35784.0,MAINE PUBLIC SERVICE,SMALL
2015-03-01,36.0,35800.0,MAINE PUBLIC SERVICE,SMALL
2015-02-01,36.0,35829.0,MAINE PUBLIC SERVICE,SMALL
2015-01-01,45.0,37083.0,MAINE PUBLIC SERVICE,SMALL
2014-12-01,47.0,37129.0,MAINE PUBLIC SERVICE,SMALL
2014-11-01,53.0,37135.0,MAINE PUBLIC SERVICE,SMALL
2014-10-14,60.0,37214.0,MAINE PUBLIC SERVICE,SMALL
2014-09-01,63.0,37230.0,MAINE PUBLIC SERVICE,SMALL
2014-08-01,63.0,37216.0,MAINE PUBLIC SERVICE,SMALL
2014-07-01,62.0,37225.0,MAINE PUBLIC SERVICE,SMALL
2014-06-01,63.0,37216.0,MAINE PUBLIC SERVICE,SMALL
2014-05-01,64.0,37221.0,MAINE PUBLIC SERVICE,SMALL
2014-04-01,62.0,37142.0,MAINE PUBLIC SERVICE,SMALL
2014-03-01,53.0,37185.0,MAINE PUBLIC SERVICE,SMALL
2014-02-01,53.0,37183.0,MAINE PUBLIC SERVICE,SMALL
2014-01-01,53.0,37191.0,MAINE PUBLIC SERVICE,SMALL
2013-12-01,52.0,37222.0,MAINE PUBLIC SERVICE,SMALL
2013-11-01,51.0,37262.0,MAINE PUBLIC SERVICE,SMALL
2013-10-01,52.0,37307.0,MAINE PUBLIC SERVICE,SMALL
2013-09-01,52.0,37313.0,MAINE PUBLIC SERVICE,SMALL
2013-08-01,52.0,37318.0,MAINE PUBLIC SERVICE,SMALL
2013-07-01,53.0,37294.0,MAINE PUBLIC SERVICE,SMALL
2013-06-01,54.0,37239.0,MAINE PUBLIC SERVICE,SMALL
2013-05-01,53.0,37254.0,MAINE PUBLIC SERVICE,SMALL
2013-04-01,53.0,37179.0,MAINE PUBLIC SERVICE,SMALL
2013-03-01,53.0,37174.0,MAINE PUBLIC SERVICE,SMALL
2013-02-01,53.0,37186.0,MAINE PUBLIC SERVICE,SMALL
2013-01-01,49.0,37220.0,MAINE PUBLIC SERVICE,SMALL
2012-12-01,36.0,37257.0,MAINE PUBLIC SERVICE,SMALL
2012-11-01,30.0,37250.0,MAINE PUBLIC SERVICE,SMALL
2012-10-01,31.0,37347.0,MAINE PUBLIC SERVICE,SMALL
2012-09-01,31.0,37345.0,MAINE PUBLIC SERVICE,SMALL
2012-08-01,32.0,37349.0,MAINE PUBLIC SERVICE,SMALL
2012-07-01,32.0,37321.0,MAINE PUBLIC SERVICE,SMALL
2012-06-01,32.0,37317.0,MAINE PUBLIC SERVICE,SMALL
2012-05-01,30.0,37335.0,MAINE PUBLIC SERVICE,SMALL
2012-04-01,30.0,37305.0,MAINE PUBLIC SERVICE,SMALL
2012-03-01,29.0,37307.0,MAINE PUBLIC SERVICE,SMALL
2012-02-01,30.0,37297.0,MAINE PUBLIC SERVICE,SMALL
2012-01-01,31.0,37310.0,MAINE PUBLIC SERVICE,SMALL
2011-12-01,31.0,37310.0,MAINE PUBLIC SERVICE,SMALL
2011-11-01,32.0,37322.0,MAINE PUBLIC SERVICE,SMALL
2011-10-10,32.0,37358.0,MAINE PUBLIC SERVICE,SMALL
2011-09-11,32.0,37393.0,MAINE PUBLIC SERVICE,SMALL
2011-08-01,32.0,37341.0,MAINE PUBLIC SERVICE,SMALL
2011-07-01,31.0,37346.0,MAINE PUBLIC SERVICE,SMALL
2011-06-01,31.0,37319.0,MAINE PUBLIC SERVICE,SMALL
2011-05-01,31.0,37315.0,MAINE PUBLIC SERVICE,SMALL
2011-04-01,31.0,37263.0,MAINE PUBLIC SERVICE,SMALL
2011-03-01,31.0,37265.0,MAINE PUBLIC SERVICE,SMALL
2011-02-01,32.0,37258.0,MAINE PUBLIC SERVICE,SMALL
2011-01-01,34.0,37249.0,MAINE PUBLIC SERVICE,SMALL
2010-12-01,34.0,37258.0,MAINE PUBLIC SERVICE,SMALL
2010-11-01,34.0,37268.0,MAINE PUBLIC SERVICE,SMALL
2010-10-01,31.0,37292.0,MAINE PUBLIC SERVICE,SMALL
2010-09-01,30.0,37270.0,MAINE PUBLIC SERVICE,SMALL
2010-08-01,30.0,37270.0,MAINE PUBLIC SERVICE,SMALL
2010-07-01,30.0,37265.0,MAINE PUBLIC SERVICE,SMALL
2010-06-01,30.0,37278.0,MAINE PUBLIC SERVICE,SMALL
2010-05-01,30.0,37256.0,MAINE PUBLIC SERVICE,SMALL
2010-04-01,28.0,37176.0,MAINE PUBLIC SERVICE,SMALL
2010-03-01,28.0,37176.0,MAINE PUBLIC SERVICE,SMALL
2010-02-01,28.0,37198.0,MAINE PUBLIC SERVICE,SMALL
2010-01-01,30.0,37182.0,MAINE PUBLIC SERVICE,SMALL
2009-12-01,28.0,37198.0,MAINE PUBLIC SERVICE,SMALL
2009-11-01,27.0,37190.0,MAINE PUBLIC SERVICE,SMALL
2009-10-01,27.0,37223.0,MAINE PUBLIC SERVICE,SMALL
2009-09-01,25.0,37201.0,MAINE PUBLIC SERVICE,SMALL
2009-08-01,25.0,37218.0,MAINE PUBLIC SERVICE,SMALL
2009-07-01,27.0,37146.0,MAINE PUBLIC SERVICE,SMALL
2009-06-01,27.0,37159.0,MAINE PUBLIC SERVICE,SMALL
2009-05-01,27.0,37142.0,MAINE PUBLIC SERVICE,SMALL
2009-04-01,26.0,37125.0,MAINE PUBLIC SERVICE,SMALL
2009-03-01,25.0,37105.0,MAINE PUBLIC SERVICE,SMALL
2009-02-01,91.0,37082.0,MAINE PUBLIC SERVICE,SMALL
2009-01-01,122.0,37114.0,MAINE PUBLIC SERVICE,SMALL
2008-12-01,122.0,37135.0,MAINE PUBLIC SERVICE,SMALL
2008-11-01,121.0,37170.0,MAINE PUBLIC SERVICE,SMALL
2008-10-01,122.0,37153.0,MAINE PUBLIC SERVICE,SMALL
2008-09-01,123.0,37212.0,MAINE PUBLIC SERVICE,SMALL
2008-08-01,123.0,37145.0,MAINE PUBLIC SERVICE,SMALL
2008-07-01,122.0,37174.0,MAINE PUBLIC SERVICE,SMALL
2008-06-01,122.0,37180.0,MAINE PUBLIC SERVICE,SMALL
2008-05-01,123.0,37220.0,MAINE PUBLIC SERVICE,SMALL
2008-04-01,124.0,37252.0,MAINE PUBLIC SERVICE,SMALL
2008-03-01,124.0,37273.0,MAINE PUBLIC SERVICE,SMALL
2008-02-01,123.0,37281.0,MAINE PUBLIC SERVICE,SMALL
2008-01-01,125.0,37302.0,MAINE PUBLIC SERVICE,SMALL
2007-12-01,125.0,37301.0,MAINE PUBLIC SERVICE,SMALL
2007-11-01,125.0,37251.0,MAINE PUBLIC SERVICE,SMALL
2007-10-01,125.0,37287.0,MAINE PUBLIC SERVICE,SMALL
2007-09-01,125.0,37269.0,MAINE PUBLIC SERVICE,SMALL
2007-08-01,126.0,37198.0,MAINE PUBLIC SERVICE,SMALL
2007-07-01,128.0,37182.0,MAINE PUBLIC SERVICE,SMALL
2007-06-01,129.0,37172.0,MAINE PUBLIC SERVICE,SMALL
2007-05-01,131.0,37155.0,MAINE PUBLIC SERVICE,SMALL
2007-04-01,146.0,37184.0,MAINE PUBLIC SERVICE,SMALL
2007-03-01,146.0,37179.0,MAINE PUBLIC SERVICE,SMALL
2007-02-01,220.0,37193.0,MAINE PUBLIC SERVICE,SMALL
2007-01-01,296.0,37187.0,MAINE PUBLIC SERVICE,SMALL
2006-12-01,333.0,37188.0,MAINE PUBLIC SERVICE,SMALL
2006-11-01,334.0,37128.0,MAINE PUBLIC SERVICE,SMALL
2006-10-01,334.0,37119.0,MAINE PUBLIC SERVICE,SMALL
2006-09-01,336.0,37105.0,MAINE PUBLIC SERVICE,SMALL
2006-08-01,338.0,37024.0,MAINE PUBLIC SERVICE,SMALL
2006-07-01,344.0,36985.0,MAINE PUBLIC SERVICE,SMALL
2006-06-01,346.0,36932.0,MAINE PUBLIC SERVICE,SMALL
2006-05-01,364.0,36908.0,MAINE PUBLIC SERVICE,SMALL
2006-04-01,1230.0,36883.0,MAINE PUBLIC SERVICE,SMALL
2006-03-01,1630.0,36885.0,MAINE PUBLIC SERVICE,SMALL
2006-02-01,1633.0,36891.0,MAINE PUBLIC SERVICE,SMALL
2006-01-01,1637.0,36876.0,MAINE PUBLIC SERVICE,SMALL
2005-12-01,1644.0,36868.0,MAINE PUBLIC SERVICE,SMALL
2005-11-01,1644.0,36855.0,MAINE PUBLIC SERVICE,SMALL
2005-10-01,1649.0,36869.0,MAINE PUBLIC SERVICE,SMALL
2005-09-01,1658.0,36836.0,MAINE PUBLIC SERVICE,SMALL
2005-08-01,1672.0,36768.0,MAINE PUBLIC SERVICE,SMALL
2005-07-01,1679.0,36731.0,MAINE PUBLIC SERVICE,SMALL
2005-06-01,1704.0,36721.0,MAINE PUBLIC SERVICE,SMALL
2005-05-01,2248.0,36515.0,MAINE PUBLIC SERVICE,SMALL
2005-04-01,2261.0,36707.0,MAINE PUBLIC SERVICE,SMALL
2005-03-01,2332.0,36714.0,MAINE PUBLIC SERVICE,SMALL
2005-02-01,2663.0,36710.0,MAINE PUBLIC SERVICE,SMALL
2005-01-01,2672.0,36703.0,MAINE PUBLIC SERVICE,SMALL
2004-12-01,2671.0,,MAINE PUBLIC SERVICE,SMALL
2004-11-01,2682.0,,MAINE PUBLIC SERVICE,SMALL
2004-10-01,2648.0,,MAINE PUBLIC SERVICE,SMALL
2004-09-01,2649.0,,MAINE PUBLIC SERVICE,SMALL
2004-08-01,2641.0,,MAINE PUBLIC SERVICE,SMALL
2004-07-01,2642.0,,MAINE PUBLIC SERVICE,SMALL
2004-06-01,2646.0,,MAINE PUBLIC SERVICE,SMALL
2004-05-01,2641.0,,MAINE PUBLIC SERVICE,SMALL
2004-04-01,2758.0,,MAINE PUBLIC SERVICE,SMALL
2004-03-01,2503.0,,MAINE PUBLIC SERVICE,SMALL
2004-02-01,2691.0,,MAINE PUBLIC SERVICE,SMALL
2004-01-01,2875.0,,MAINE PUBLIC SERVICE,SMALL
2003-12-01,2882.0,,MAINE PUBLIC SERVICE,SMALL
2003-11-01,2888.0,,MAINE PUBLIC SERVICE,SMALL
2003-10-01,2901.0,,MAINE PUBLIC SERVICE,SMALL
2003-09-01,2905.0,,MAINE PUBLIC SERVICE,SMALL
2003-08-01,2902.0,,MAINE PUBLIC SERVICE,SMALL
2003-07-01,5603.0,,MAINE PUBLIC SERVICE,SMALL
2003-06-01,5662.0,,MAINE PUBLIC SERVICE,SMALL
2003-05-01,5700.0,,MAINE PUBLIC SERVICE,SMALL
2003-04-01,5722.0,,MAINE PUBLIC SERVICE,SMALL
2003-03-01,5724.0,,MAINE PUBLIC SERVICE,SMALL
2003-01-01,5713.0,,MAINE PUBLIC SERVICE,SMALL
2002-12-01,5715.0,,MAINE PUBLIC SERVICE,SMALL
2002-11-01,5703.0,,MAINE PUBLIC SERVICE,SMALL
2002-10-01,5646.0,,MAINE PUBLIC SERVICE,SMALL
2002-09-01,5597.0,,MAINE PUBLIC SERVICE,SMALL
2002-08-01,5571.0,,MAINE PUBLIC SERVICE,SMALL
2002-07-01,5467.0,,MAINE PUBLIC SERVICE,SMALL
2002-06-01,5262.0,,MAINE PUBLIC SERVICE,SMALL
2002-05-01,4723.0,,MAINE PUBLIC SERVICE,SMALL
2002-04-01,2750.0,,MAINE PUBLIC SERVICE,SMALL
2002-03-01,2240.0,,MAINE PUBLIC SERVICE,SMALL
2002-02-01,2010.0,,MAINE PUBLIC SERVICE,SMALL
2002-01-01,1650.0,,MAINE PUBLIC SERVICE,SMALL
2001-12-01,1281.0,,MAINE PUBLIC SERVICE,SMALL
2001-11-01,1095.0,,MAINE PUBLIC SERVICE,SMALL
2001-10-01,1072.0,,MAINE PUBLIC SERVICE,SMALL
2001-09-01,1065.0,,MAINE PUBLIC SERVICE,SMALL
2001-08-01,1815.0,,MAINE PUBLIC SERVICE,SMALL
2001-07-01,1857.0,,MAINE PUBLIC SERVICE,SMALL
2001-06-01,1875.0,,MAINE PUBLIC SERVICE,SMALL
2001-05-01,1863.0,,MAINE PUBLIC SERVICE,SMALL
2001-04-01,1900.0,,MAINE PUBLIC SERVICE,SMALL
2001-03-01,2022.0,,MAINE PUBLIC SERVICE,SMALL
2001-02-01,2037.0,,MAINE PUBLIC SERVICE,SMALL
2001-01-01,1833.0,,MAINE PUBLIC SERVICE,SMALL
2000-12-01,1680.0,,MAINE PUBLIC SERVICE,SMALL
2000-11-01,1644.0,,MAINE PUBLIC SERVICE,SMALL
2000-10-01,1461.0,,MAINE PUBLIC SERVICE,SMALL
2000-08-01,867.0,,MAINE PUBLIC SERVICE,SMALL
2023-07-31,203.0,13.0,MAINE PUBLIC SERVICE,MEDIUM
2023-06-30,204.0,13.0,MAINE PUBLIC SERVICE,MEDIUM
2023-05-31,204.0,13.0,MAINE PUBLIC SERVICE,MEDIUM
2023-04-30,212.0,13.0,MAINE PUBLIC SERVICE,MEDIUM
2023-03-31,206.0,13.0,MAINE PUBLIC SERVICE,MEDIUM
2023-02-28,210.0,13.0,MAINE PUBLIC SERVICE,MEDIUM
2023-01-31,211.0,13.0,MAINE PUBLIC SERVICE,MEDIUM
2022-12-31,212.0,6.0,MAINE PUBLIC SERVICE,MEDIUM
2022-11-30,210.0,6.0,MAINE PUBLIC SERVICE,MEDIUM
2022-10-31,208.0,6.0,MAINE PUBLIC SERVICE,MEDIUM
2022-09-30,207.0,13.0,MAINE PUBLIC SERVICE,MEDIUM
2022-08-31,178.0,13.0,MAINE PUBLIC SERVICE,MEDIUM
2022-07-31,181.0,14.0,MAINE PUBLIC SERVICE,MEDIUM
2022-06-30,204.0,14.0,MAINE PUBLIC SERVICE,MEDIUM
2022-05-31,201.0,14.0,MAINE PUBLIC SERVICE,MEDIUM
2022-04-30,202.0,14.0,MAINE PUBLIC SERVICE,MEDIUM
2022-03-21,199.0,14.0,MAINE PUBLIC SERVICE,MEDIUM
2022-02-28,199.0,14.0,MAINE PUBLIC SERVICE,MEDIUM
2022-01-31,198.0,14.0,MAINE PUBLIC SERVICE,MEDIUM
2021-12-31,154.0,15.0,MAINE PUBLIC SERVICE,MEDIUM
2021-11-30,154.0,15.0,MAINE PUBLIC SERVICE,MEDIUM
2021-10-31,154.0,15.0,MAINE PUBLIC SERVICE,MEDIUM
2021-09-30,196.0,15.0,MAINE PUBLIC SERVICE,MEDIUM
2021-08-31,199.0,14.0,MAINE PUBLIC SERVICE,MEDIUM
2021-07-01,199.0,14.0,MAINE PUBLIC SERVICE,MEDIUM
2021-06-01,202.0,11.0,MAINE PUBLIC SERVICE,MEDIUM
2021-05-01,203.0,11.0,MAINE PUBLIC SERVICE,MEDIUM
2021-04-01,203.0,11.0,MAINE PUBLIC SERVICE,MEDIUM
2021-03-01,205.0,14.0,MAINE PUBLIC SERVICE,MEDIUM
2021-02-01,201.0,14.0,MAINE PUBLIC SERVICE,MEDIUM
2021-01-01,200.0,13.0,MAINE PUBLIC SERVICE,MEDIUM
2020-12-31,198.0,12.0,MAINE PUBLIC SERVICE,MEDIUM
2020-11-30,200.0,13.0,MAINE PUBLIC SERVICE,MEDIUM
2020-10-31,199.0,13.0,MAINE PUBLIC SERVICE,MEDIUM
2020-09-30,198.0,12.0,MAINE PUBLIC SERVICE,MEDIUM
2020-08-01,182.0,12.0,MAINE PUBLIC SERVICE,MEDIUM
2020-07-01,201.0,13.0,MAINE PUBLIC SERVICE,MEDIUM
2020-06-01,201.0,12.0,MAINE PUBLIC SERVICE,MEDIUM
2020-05-01,200.0,13.0,MAINE PUBLIC SERVICE,MEDIUM
2020-04-01,199.0,13.0,MAINE PUBLIC SERVICE,MEDIUM
2020-03-01,200.0,13.0,MAINE PUBLIC SERVICE,MEDIUM
2020-02-01,202.0,13.0,MAINE PUBLIC SERVICE,MEDIUM
2020-01-01,187.0,13.0,MAINE PUBLIC SERVICE,MEDIUM
2019-12-01,184.0,13.0,MAINE PUBLIC SERVICE,MEDIUM
2019-11-01,184.0,13.0,MAINE PUBLIC SERVICE,MEDIUM
2019-10-01,184.0,14.0,MAINE PUBLIC SERVICE,MEDIUM
2019-09-01,181.0,13.0,MAINE PUBLIC SERVICE,MEDIUM
2019-08-01,180.0,13.0,MAINE PUBLIC SERVICE,MEDIUM
2019-07-01,180.0,13.0,MAINE PUBLIC SERVICE,MEDIUM
2019-06-01,180.0,13.0,MAINE PUBLIC SERVICE,MEDIUM
2019-05-01,180.0,13.0,MAINE PUBLIC SERVICE,MEDIUM
2019-04-01,181.0,13.0,MAINE PUBLIC SERVICE,MEDIUM
2019-03-01,181.0,13.0,MAINE PUBLIC SERVICE,MEDIUM
2019-02-01,181.0,13.0,MAINE PUBLIC SERVICE,MEDIUM
2019-01-01,182.0,13.0,MAINE PUBLIC SERVICE,MEDIUM
2018-12-01,184.0,13.0,MAINE PUBLIC SERVICE,MEDIUM
2018-11-01,184.0,13.0,MAINE PUBLIC SERVICE,MEDIUM
2018-10-31,184.0,13.0,MAINE PUBLIC SERVICE,MEDIUM
2018-09-01,184.0,13.0,MAINE PUBLIC SERVICE,MEDIUM
2018-08-01,185.0,13.0,MAINE PUBLIC SERVICE,MEDIUM
2018-07-01,185.0,13.0,MAINE PUBLIC SERVICE,MEDIUM
2018-06-01,185.0,13.0,MAINE PUBLIC SERVICE,MEDIUM
2018-05-01,186.0,13.0,MAINE PUBLIC SERVICE,MEDIUM
2018-04-01,186.0,13.0,MAINE PUBLIC SERVICE,MEDIUM
2018-03-01,187.0,13.0,MAINE PUBLIC SERVICE,MEDIUM
2018-02-01,187.0,13.0,MAINE PUBLIC SERVICE,MEDIUM
2018-01-01,187.0,13.0,MAINE PUBLIC SERVICE,MEDIUM
2017-12-01,186.0,13.0,MAINE PUBLIC SERVICE,MEDIUM
2017-11-01,187.0,13.0,MAINE PUBLIC SERVICE,MEDIUM
2017-10-01,187.0,13.0,MAINE PUBLIC SERVICE,MEDIUM
2017-09-01,187.0,13.0,MAINE PUBLIC SERVICE,MEDIUM
2017-08-01,187.0,13.0,MAINE PUBLIC SERVICE,MEDIUM
2017-07-01,187.0,13.0,MAINE PUBLIC SERVICE,MEDIUM
2017-06-01,188.0,13.0,MAINE PUBLIC SERVICE,MEDIUM
2017-05-01,188.0,13.0,MAINE PUBLIC SERVICE,MEDIUM
2017-04-01,187.0,13.0,MAINE PUBLIC SERVICE,MEDIUM
2017-03-01,188.0,13.0,MAINE PUBLIC SERVICE,MEDIUM
2017-02-01,188.0,13.0,MAINE PUBLIC SERVICE,MEDIUM
2017-01-01,189.0,13.0,MAINE PUBLIC SERVICE,MEDIUM
2016-12-01,183.0,13.0,MAINE PUBLIC SERVICE,MEDIUM
2016-11-01,183.0,12.0,MAINE PUBLIC SERVICE,MEDIUM
2016-10-01,189.0,13.0,MAINE PUBLIC SERVICE,MEDIUM
2016-09-01,221.0,13.0,MAINE PUBLIC SERVICE,MEDIUM
2016-08-01,183.0,12.0,MAINE PUBLIC SERVICE,MEDIUM
2016-07-01,173.0,12.0,MAINE PUBLIC SERVICE,MEDIUM
2016-06-01,188.0,12.0,MAINE PUBLIC SERVICE,MEDIUM
2016-05-01,183.0,12.0,MAINE PUBLIC SERVICE,MEDIUM
2016-04-01,180.0,12.0,MAINE PUBLIC SERVICE,MEDIUM
2016-03-01,189.0,12.0,MAINE PUBLIC SERVICE,MEDIUM
2016-02-01,189.0,12.0,MAINE PUBLIC SERVICE,MEDIUM
2016-01-01,173.0,12.0,MAINE PUBLIC SERVICE,MEDIUM
2015-12-01,190.0,13.0,MAINE PUBLIC SERVICE,MEDIUM
2015-11-01,192.0,12.0,MAINE PUBLIC SERVICE,MEDIUM
2015-10-01,183.0,11.0,MAINE PUBLIC SERVICE,MEDIUM
2015-09-01,182.0,11.0,MAINE PUBLIC SERVICE,MEDIUM
2015-08-01,182.0,10.0,MAINE PUBLIC SERVICE,MEDIUM
2015-07-01,182.0,10.0,MAINE PUBLIC SERVICE,MEDIUM
2015-06-01,182.0,10.0,MAINE PUBLIC SERVICE,MEDIUM
2015-05-01,183.0,10.0,MAINE PUBLIC SERVICE,MEDIUM
2015-04-01,185.0,10.0,MAINE PUBLIC SERVICE,MEDIUM
2015-03-01,184.0,9.0,MAINE PUBLIC SERVICE,MEDIUM
2015-02-01,185.0,9.0,MAINE PUBLIC SERVICE,MEDIUM
2015-01-01,181.0,9.0,MAINE PUBLIC SERVICE,MEDIUM
2014-12-01,172.0,9.0,MAINE PUBLIC SERVICE,MEDIUM
2014-11-01,173.0,9.0,MAINE PUBLIC SERVICE,MEDIUM
2014-10-14,173.0,8.0,MAINE PUBLIC SERVICE,MEDIUM
2014-09-01,173.0,8.0,MAINE PUBLIC SERVICE,MEDIUM
2014-08-01,174.0,9.0,MAINE PUBLIC SERVICE,MEDIUM
2014-07-01,179.0,9.0,MAINE PUBLIC SERVICE,MEDIUM
2014-06-01,179.0,8.0,MAINE PUBLIC SERVICE,MEDIUM
2014-05-01,178.0,8.0,MAINE PUBLIC SERVICE,MEDIUM
2014-04-01,180.0,8.0,MAINE PUBLIC SERVICE,MEDIUM
2014-03-01,180.0,8.0,MAINE PUBLIC SERVICE,MEDIUM
2014-02-01,180.0,8.0,MAINE PUBLIC SERVICE,MEDIUM
2014-01-01,179.0,8.0,MAINE PUBLIC SERVICE,MEDIUM
2013-12-01,182.0,8.0,MAINE PUBLIC SERVICE,MEDIUM
2013-11-01,178.0,8.0,MAINE PUBLIC SERVICE,MEDIUM
2013-10-01,181.0,8.0,MAINE PUBLIC SERVICE,MEDIUM
2013-09-01,182.0,8.0,MAINE PUBLIC SERVICE,MEDIUM
2013-08-01,173.0,8.0,MAINE PUBLIC SERVICE,MEDIUM
2013-07-01,185.0,9.0,MAINE PUBLIC SERVICE,MEDIUM
2013-06-01,177.0,9.0,MAINE PUBLIC SERVICE,MEDIUM
2013-05-01,183.0,10.0,MAINE PUBLIC SERVICE,MEDIUM
2013-04-01,183.0,10.0,MAINE PUBLIC SERVICE,MEDIUM
2013-03-01,183.0,10.0,MAINE PUBLIC SERVICE,MEDIUM
2013-02-01,183.0,10.0,MAINE PUBLIC SERVICE,MEDIUM
2013-01-01,183.0,10.0,MAINE PUBLIC SERVICE,MEDIUM
2012-12-01,182.0,10.0,MAINE PUBLIC SERVICE,MEDIUM
2012-11-01,152.0,11.0,MAINE PUBLIC SERVICE,MEDIUM
2012-10-01,182.0,11.0,MAINE PUBLIC SERVICE,MEDIUM
2012-09-01,183.0,11.0,MAINE PUBLIC SERVICE,MEDIUM
2012-08-01,183.0,11.0,MAINE PUBLIC SERVICE,MEDIUM
2012-07-01,183.0,11.0,MAINE PUBLIC SERVICE,MEDIUM
2012-06-01,183.0,11.0,MAINE PUBLIC SERVICE,MEDIUM
2012-05-01,159.0,11.0,MAINE PUBLIC SERVICE,MEDIUM
2012-04-01,182.0,11.0,MAINE PUBLIC SERVICE,MEDIUM
2012-03-01,183.0,11.0,MAINE PUBLIC SERVICE,MEDIUM
2012-02-01,184.0,12.0,MAINE PUBLIC SERVICE,MEDIUM
2012-01-01,184.0,10.0,MAINE PUBLIC SERVICE,MEDIUM
2011-12-01,183.0,10.0,MAINE PUBLIC SERVICE,MEDIUM
2011-11-01,184.0,10.0,MAINE PUBLIC SERVICE,MEDIUM
2011-10-10,177.0,10.0,MAINE PUBLIC SERVICE,MEDIUM
2011-09-11,187.0,8.0,MAINE PUBLIC SERVICE,MEDIUM
2011-08-01,188.0,8.0,MAINE PUBLIC SERVICE,MEDIUM
2011-07-01,190.0,9.0,MAINE PUBLIC SERVICE,MEDIUM
2011-06-01,188.0,9.0,MAINE PUBLIC SERVICE,MEDIUM
2011-05-01,185.0,9.0,MAINE PUBLIC SERVICE,MEDIUM
2011-04-01,185.0,9.0,MAINE PUBLIC SERVICE,MEDIUM
2011-03-01,182.0,10.0,MAINE PUBLIC SERVICE,MEDIUM
2011-02-01,185.0,10.0,MAINE PUBLIC SERVICE,MEDIUM
2011-01-01,170.0,10.0,MAINE PUBLIC SERVICE,MEDIUM
2010-12-01,181.0,10.0,MAINE PUBLIC SERVICE,MEDIUM
2010-11-01,186.0,10.0,MAINE PUBLIC SERVICE,MEDIUM
2010-10-01,191.0,10.0,MAINE PUBLIC SERVICE,MEDIUM
2010-09-01,191.0,9.0,MAINE PUBLIC SERVICE,MEDIUM
2010-08-01,190.0,9.0,MAINE PUBLIC SERVICE,MEDIUM
2010-07-01,190.0,9.0,MAINE PUBLIC SERVICE,MEDIUM
2010-06-01,190.0,9.0,MAINE PUBLIC SERVICE,MEDIUM
2010-05-01,188.0,9.0,MAINE PUBLIC SERVICE,MEDIUM
2010-04-01,185.0,9.0,MAINE PUBLIC SERVICE,MEDIUM
2010-03-01,185.0,9.0,MAINE PUBLIC SERVICE,MEDIUM
2010-02-01,188.0,9.0,MAINE PUBLIC SERVICE,MEDIUM
2010-01-01,188.0,9.0,MAINE PUBLIC SERVICE,MEDIUM
2009-12-01,188.0,9.0,MAINE PUBLIC SERVICE,MEDIUM
2009-11-01,190.0,9.0,MAINE PUBLIC SERVICE,MEDIUM
2009-10-01,192.0,9.0,MAINE PUBLIC SERVICE,MEDIUM
2009-09-01,203.0,9.0,MAINE PUBLIC SERVICE,MEDIUM
2009-08-01,203.0,9.0,MAINE PUBLIC SERVICE,MEDIUM
2009-07-01,203.0,12.0,MAINE PUBLIC SERVICE,MEDIUM
2009-06-01,202.0,12.0,MAINE PUBLIC SERVICE,MEDIUM
2009-05-01,200.0,12.0,MAINE PUBLIC SERVICE,MEDIUM
2009-04-01,200.0,12.0,MAINE PUBLIC SERVICE,MEDIUM
2009-03-01,200.0,11.0,MAINE PUBLIC SERVICE,MEDIUM
2009-02-01,202.0,10.0,MAINE PUBLIC SERVICE,MEDIUM
2009-01-01,202.0,10.0,MAINE PUBLIC SERVICE,MEDIUM
2008-12-01,204.0,10.0,MAINE PUBLIC SERVICE,MEDIUM
2008-11-01,205.0,10.0,MAINE PUBLIC SERVICE,MEDIUM
2008-10-01,208.0,10.0,MAINE PUBLIC SERVICE,MEDIUM
2008-09-01,207.0,10.0,MAINE PUBLIC SERVICE,MEDIUM
2008-08-01,207.0,8.0,MAINE PUBLIC SERVICE,MEDIUM
2008-07-01,203.0,10.0,MAINE PUBLIC SERVICE,MEDIUM
2008-06-01,203.0,10.0,MAINE PUBLIC SERVICE,MEDIUM
2008-05-01,202.0,10.0,MAINE PUBLIC SERVICE,MEDIUM
2008-04-01,203.0,10.0,MAINE PUBLIC SERVICE,MEDIUM
2008-03-01,204.0,10.0,MAINE PUBLIC SERVICE,MEDIUM
2008-02-01,205.0,10.0,MAINE PUBLIC SERVICE,MEDIUM
2008-01-01,203.0,10.0,MAINE PUBLIC SERVICE,MEDIUM
2007-12-01,206.0,10.0,MAINE PUBLIC SERVICE,MEDIUM
2007-11-01,210.0,10.0,MAINE PUBLIC SERVICE,MEDIUM
2007-10-01,210.0,10.0,MAINE PUBLIC SERVICE,MEDIUM
2007-09-01,212.0,10.0,MAINE PUBLIC SERVICE,MEDIUM
2007-08-01,213.0,10.0,MAINE PUBLIC SERVICE,MEDIUM
2007-07-01,212.0,10.0,MAINE PUBLIC SERVICE,MEDIUM
2007-06-01,212.0,10.0,MAINE PUBLIC SERVICE,MEDIUM
2007-05-01,207.0,10.0,MAINE PUBLIC SERVICE,MEDIUM
2007-04-01,206.0,11.0,MAINE PUBLIC SERVICE,MEDIUM
2007-03-01,206.0,11.0,MAINE PUBLIC SERVICE,MEDIUM
2007-02-01,209.0,11.0,MAINE PUBLIC SERVICE,MEDIUM
2007-01-01,212.0,11.0,MAINE PUBLIC SERVICE,MEDIUM
2006-12-01,211.0,11.0,MAINE PUBLIC SERVICE,MEDIUM
2006-11-01,212.0,11.0,MAINE PUBLIC SERVICE,MEDIUM
2006-10-01,212.0,11.0,MAINE PUBLIC SERVICE,MEDIUM
2006-09-01,209.0,11.0,MAINE PUBLIC SERVICE,MEDIUM
2006-08-01,211.0,11.0,MAINE PUBLIC SERVICE,MEDIUM
2006-07-01,209.0,11.0,MAINE PUBLIC SERVICE,MEDIUM
2006-06-01,207.0,11.0,MAINE PUBLIC SERVICE,MEDIUM
2006-05-01,206.0,11.0,MAINE PUBLIC SERVICE,MEDIUM
2006-04-01,208.0,11.0,MAINE PUBLIC SERVICE,MEDIUM
2006-03-01,209.0,11.0,MAINE PUBLIC SERVICE,MEDIUM
2006-02-01,209.0,11.0,MAINE PUBLIC SERVICE,MEDIUM
2006-01-01,211.0,11.0,MAINE PUBLIC SERVICE,MEDIUM
2005-12-01,213.0,11.0,MAINE PUBLIC SERVICE,MEDIUM
2005-11-01,212.0,10.0,MAINE PUBLIC SERVICE,MEDIUM
2005-10-01,213.0,11.0,MAINE PUBLIC SERVICE,MEDIUM
2005-09-01,215.0,11.0,MAINE PUBLIC SERVICE,MEDIUM
2005-08-01,215.0,11.0,MAINE PUBLIC SERVICE,MEDIUM
2005-07-01,216.0,11.0,MAINE PUBLIC SERVICE,MEDIUM
2005-06-01,211.0,11.0,MAINE PUBLIC SERVICE,MEDIUM
2005-05-01,213.0,11.0,MAINE PUBLIC SERVICE,MEDIUM
2005-04-01,214.0,11.0,MAINE PUBLIC SERVICE,MEDIUM
2005-03-01,213.0,12.0,MAINE PUBLIC SERVICE,MEDIUM
2005-02-01,212.0,12.0,MAINE PUBLIC SERVICE,MEDIUM
2005-01-01,218.0,12.0,MAINE PUBLIC SERVICE,MEDIUM
2004-12-01,,12.0,MAINE PUBLIC SERVICE,MEDIUM
2004-11-01,,12.0,MAINE PUBLIC SERVICE,MEDIUM
2004-10-01,,12.0,MAINE PUBLIC SERVICE,MEDIUM
2004-09-01,,12.0,MAINE PUBLIC SERVICE,MEDIUM
2004-08-01,,12.0,MAINE PUBLIC SERVICE,MEDIUM
2004-07-01,,12.0,MAINE PUBLIC SERVICE,MEDIUM
2004-06-01,,12.0,MAINE PUBLIC SERVICE,MEDIUM
2004-05-01,,12.0,MAINE PUBLIC SERVICE,MEDIUM
2004-04-01,,12.0,MAINE PUBLIC SERVICE,MEDIUM
2004-03-01,,12.0,MAINE PUBLIC SERVICE,MEDIUM
2004-02-01,,14.0,MAINE PUBLIC SERVICE,MEDIUM
2004-01-01,,14.0,MAINE PUBLIC SERVICE,MEDIUM
2003-12-01,,14.0,MAINE PUBLIC SERVICE,MEDIUM
2003-11-01,,14.0,MAINE PUBLIC SERVICE,MEDIUM
2003-10-01,,14.0,MAINE PUBLIC SERVICE,MEDIUM
2003-09-01,,14.0,MAINE PUBLIC SERVICE,MEDIUM
2003-08-01,,14.0,MAINE PUBLIC SERVICE,MEDIUM
2003-07-01,,15.0,MAINE PUBLIC SERVICE,MEDIUM
2003-06-01,,15.0,MAINE PUBLIC SERVICE,MEDIUM
2003-05-01,,15.0,MAINE PUBLIC SERVICE,MEDIUM
2003-04-01,,15.0,MAINE PUBLIC SERVICE,MEDIUM
2003-03-01,,15.0,MAINE PUBLIC SERVICE,MEDIUM
2003-01-01,,15.0,MAINE PUBLIC SERVICE,MEDIUM
2002-12-01,,14.0,MAINE PUBLIC SERVICE,MEDIUM
2002-11-01,,14.0,MAINE PUBLIC SERVICE,MEDIUM
2002-10-01,,14.0,MAINE PUBLIC SERVICE,MEDIUM
2002-09-01,,15.0,MAINE PUBLIC SERVICE,MEDIUM
2002-08-01,,15.0,MAINE PUBLIC SERVICE,MEDIUM
2002-07-01,,15.0,MAINE PUBLIC SERVICE,MEDIUM
2002-06-01,,15.0,MAINE PUBLIC SERVICE,MEDIUM
2002-05-01,,15.0,MAINE PUBLIC SERVICE,MEDIUM
2002-04-01,,15.0,MAINE PUBLIC SERVICE,MEDIUM
2002-03-01,,16.0,MAINE PUBLIC SERVICE,MEDIUM
2002-02-01,,15.0,MAINE PUBLIC SERVICE,MEDIUM
2002-01-01,,15.0,MAINE PUBLIC SERVICE,MEDIUM
2001-12-01,,14.0,MAINE PUBLIC SERVICE,MEDIUM
2001-11-01,,14.0,MAINE PUBLIC SERVICE,MEDIUM
2001-10-01,,13.0,MAINE PUBLIC SERVICE,MEDIUM
2001-09-01,,10.0,MAINE PUBLIC SERVICE,MEDIUM
2001-08-01,,10.0,MAINE PUBLIC SERVICE,MEDIUM
2001-07-01,,11.0,MAINE PUBLIC SERVICE,MEDIUM
2001-06-01,,11.0,MAINE PUBLIC SERVICE,MEDIUM
2001-05-01,,11.0,MAINE PUBLIC SERVICE,MEDIUM
2001-04-01,,11.0,MAINE PUBLIC SERVICE,MEDIUM
2001-03-01,,11.0,MAINE PUBLIC SERVICE,MEDIUM
2001-02-01,,11.0,MAINE PUBLIC SERVICE,MEDIUM
2001-01-01,,11.0,MAINE PUBLIC SERVICE,MEDIUM
2000-12-01,,11.0,MAINE PUBLIC SERVICE,MEDIUM
2000-11-01,,11.0,MAINE PUBLIC SERVICE,MEDIUM
2000-10-01,,11.0,MAINE PUBLIC SERVICE,MEDIUM
2000-08-01,,10.0,MAINE PUBLIC SERVICE,MEDIUM
